Observation,Cruise/Field Campaign,Station Number,Station Date(YYYY/MM/DD),Year,Month,Day,Latitude,Longitude,Sector,Ice Thickness (m),Snow Thickness (m),Freeboard (m),Comment
1,GLOBEC,CR-1,20020806,2002,8,6,-66.566,-67.541,Bellingshausen/Amundsen,0.7,0.2,0.065,
2,GLOBEC,CR-2,20020806,2002,8,6,-66.566,-67.541,Bellingshausen/Amundsen,0.79,0.23,0.04,
3,GLOBEC,CR-3,20020806,2002,8,6,-66.566,-67.541,Bellingshausen/Amundsen,0.71,0.22,0.07,
4,GLOBEC,CR-4,20020806,2002,8,6,-66.566,-67.541,Bellingshausen/Amundsen,0.84,0.23,0.07,
5,GLOBEC,CR-5,20020806,2002,8,6,-66.566,-67.541,Bellingshausen/Amundsen,0.85,0.2,0.08,
6,GLOBEC,CR-6,20020806,2002,8,6,-66.566,-67.541,Bellingshausen/Amundsen,0.44,0.2,-0.015,
7,GLOBEC,CR-7,20020809,2002,8,9,-67.223,-70.642,Bellingshausen/Amundsen,1.1,0.07,0.09,
8,GLOBEC,CR-8,20020809,2002,8,9,-67.223,-70.642,Bellingshausen/Amundsen,1.4,0.35,-0.07,
9,GLOBEC,CR-13,20020811,2002,8,11,-68.665,-76.178,Bellingshausen/Amundsen,0.3,-99.9,-99.9,
10,GLOBEC,CR-14,20020811,2002,8,11,-68.665,-76.178,Bellingshausen/Amundsen,0.29,-99.9,-99.9,
11,GLOBEC,CR-15,20020811,2002,8,11,-68.665,-76.178,Bellingshausen/Amundsen,0.34,-99.9,-99.9,
12,GLOBEC,CR-16,20020811,2002,8,11,-68.665,-76.178,Bellingshausen/Amundsen,0.36,-99.9,-99.9,
13,GLOBEC,CR-17,20020811,2002,8,11,-68.665,-76.178,Bellingshausen/Amundsen,0.79,-99.9,-99.9,
14,GLOBEC,CR-18,20020811,2002,8,11,-68.665,-76.178,Bellingshausen/Amundsen,0.49,-99.9,-99.9,
15,GLOBEC,CR-19,20020811,2002,8,11,-68.665,-76.178,Bellingshausen/Amundsen,1.78,-99.9,-99.9,
16,GLOBEC,CR-20,20020811,2002,8,11,-68.665,-76.178,Bellingshausen/Amundsen,0.3,-99.9,-99.9,
17,GLOBEC,CR-21,20020811,2002,8,11,-68.665,-76.178,Bellingshausen/Amundsen,0.34,-99.9,-99.9,
18,GLOBEC,CR-22,20020811,2002,8,11,-68.665,-76.178,Bellingshausen/Amundsen,0.32,-99.9,-99.9,
19,GLOBEC,CR-9,20020812,2002,8,12,-68.863,-75.118,Bellingshausen/Amundsen,1.78,0.18,0.08,
20,GLOBEC,CR-10,20020812,2002,8,12,-68.863,-75.118,Bellingshausen/Amundsen,0.68,0.09,0.05,
21,GLOBEC,CR-11,20020812,2002,8,12,-68.863,-75.118,Bellingshausen/Amundsen,0.65,0.07,0.01,
22,GLOBEC,CR-12,20020812,2002,8,12,-68.863,-75.118,Bellingshausen/Amundsen,0.65,0.26,0.01,
23,GLOBEC,CR-13,20020812,2002,8,12,-68.863,-75.118,Bellingshausen/Amundsen,0.61,0.13,0.015,
24,GLOBEC,CR-14,20020812,2002,8,12,-68.863,-75.118,Bellingshausen/Amundsen,0.67,0.08,0.01,
25,GLOBEC,CR-23,20020813,2002,8,13,-68.165,-75.185,Bellingshausen/Amundsen,0.37,-99.9,-99.9,
26,GLOBEC,CD-24,20020813,2002,8,13,-68.165,-75.185,Bellingshausen/Amundsen,0.71,-99.9,-99.9,
27,GLOBEC,CR-25,20020813,2002,8,13,-68.165,-75.185,Bellingshausen/Amundsen,0.44,-99.9,-99.9,
28,GLOBEC,CR-26,20020813,2002,8,13,-68.165,-75.185,Bellingshausen/Amundsen,0.25,-99.9,-99.9,
29,GLOBEC,CR-27,20020813,2002,8,13,-68.165,-75.185,Bellingshausen/Amundsen,0.37,-99.9,-99.9,
30,GLOBEC,CR-29,20020813,2002,8,13,-68.165,-75.185,Bellingshausen/Amundsen,0.81,-99.9,-99.9,
31,GLOBEC,CR-30,20020813,2002,8,13,-68.165,-75.185,Bellingshausen/Amundsen,0.77,-99.9,-99.9,
32,GLOBEC,CR-35,20020814,2002,8,14,-68.165,-75.185,Bellingshausen/Amundsen,0.75,-99.9,-99.9,
33,GLOBEC,CR-15,20020814,2002,8,14,-68.778,-76.781,Bellingshausen/Amundsen,0.56,0.08,0.05,
34,GLOBEC,CR-16,20020814,2002,8,14,-68.778,-76.781,Bellingshausen/Amundsen,0.42,0.1,0.03,
35,GLOBEC,CR-36,20020815,2002,8,15,-68.094,-75.017,Bellingshausen/Amundsen,0.65,-99.9,-99.9,
36,GLOBEC,CR-37,20020815,2002,8,15,-68.094,-75.017,Bellingshausen/Amundsen,0.62,-99.9,-99.9,
37,GLOBEC,CR-38,20020815,2002,8,15,-68.094,-75.017,Bellingshausen/Amundsen,0.69,-99.9,-99.9,
38,GLOBEC,CR-39,20020815,2002,8,15,-68.094,-75.017,Bellingshausen/Amundsen,0.7,-99.9,-99.9,
39,GLOBEC,CR-40,20020816,2002,8,16,-68.03,-74.852,Bellingshausen/Amundsen,0.5,-99.9,-99.9,
40,GLOBEC,CR-41,20020816,2002,8,16,-68.03,-74.852,Bellingshausen/Amundsen,0.37,-99.9,-99.9,
41,GLOBEC,CR-42,20020816,2002,8,16,-68.03,-74.852,Bellingshausen/Amundsen,1.08,-99.9,-99.9,
42,GLOBEC,CR-43,20020816,2002,8,16,-68.03,-74.852,Bellingshausen/Amundsen,1,-99.9,-99.9,
43,GLOBEC,CR-44,20020816,2002,8,16,-68.03,-74.852,Bellingshausen/Amundsen,2.18,-99.9,-99.9,
44,GLOBEC,CR-45,20020816,2002,8,16,-68.03,-74.852,Bellingshausen/Amundsen,1.28,-99.9,-99.9,
45,GLOBEC,CR-46,20020816,2002,8,16,-68.03,-74.852,Bellingshausen/Amundsen,1.83,-99.9,-99.9,
46,GLOBEC,CR-47,20020816,2002,8,16,-68.03,-74.852,Bellingshausen/Amundsen,0.34,-99.9,-99.9,
47,GLOBEC,CR-17,20020816,2002,8,16,-68.537,-74.095,Bellingshausen/Amundsen,1.95,0.34,0.06,
48,GLOBEC,CR-18,20020816,2002,8,16,-68.537,-74.095,Bellingshausen/Amundsen,2.15,0.1,0.15,
49,GLOBEC,CR-19,20020816,2002,8,16,-68.537,-74.095,Bellingshausen/Amundsen,0.32,-99.9,-99.9,
50,GLOBEC,CR-48,20020817,2002,8,17,-68.022,-74.623,Bellingshausen/Amundsen,2.6,-99.9,-99.9,
51,GLOBEC,CR-49,20020817,2002,8,17,-68.022,-74.623,Bellingshausen/Amundsen,3.08,-99.9,-99.9,
52,GLOBEC,CR-50,20020817,2002,8,17,-68.022,-74.623,Bellingshausen/Amundsen,0.65,-99.9,-99.9,
53,GLOBEC,CR-51,20020817,2002,8,17,-68.022,-74.623,Bellingshausen/Amundsen,2.55,-99.9,-99.9,
54,GLOBEC,CR-52,20020817,2002,8,17,-68.022,-74.623,Bellingshausen/Amundsen,0.7,-99.9,-99.9,
55,GLOBEC,CR-53,20020817,2002,8,17,-68.022,-74.623,Bellingshausen/Amundsen,2.66,-99.9,-99.9,
56,GLOBEC,CR-54,20020817,2002,8,17,-68.022,-74.623,Bellingshausen/Amundsen,0.78,-99.9,-99.9,
57,GLOBEC,CR-55,20020817,2002,8,17,-68.022,-74.623,Bellingshausen/Amundsen,0.72,-99.9,-99.9,
58,GLOBEC,CR-56,20020817,2002,8,17,-68.022,-74.623,Bellingshausen/Amundsen,0.95,-99.9,-99.9,
59,GLOBEC,CR-57,20020817,2002,8,17,-68.022,-74.623,Bellingshausen/Amundsen,0.44,-99.9,-99.9,
60,GLOBEC,CR-58,20020817,2002,8,17,-68.022,-74.623,Bellingshausen/Amundsen,0.25,-99.9,-99.9,
61,GLOBEC,CR-20,20020817,2002,8,17,-68.092,-74.745,Bellingshausen/Amundsen,0.72,0.1,0.03,
62,GLOBEC,CR-21,20020817,2002,8,17,-68.092,-74.745,Bellingshausen/Amundsen,0.7,0.13,0.03,
63,GLOBEC,CR-22,20020817,2002,8,17,-68.092,-74.745,Bellingshausen/Amundsen,0.68,0.19,0.01,
64,GLOBEC,CR-23,20020817,2002,8,17,-68.092,-74.745,Bellingshausen/Amundsen,0.69,0.16,0,
65,GLOBEC,CR-24,20020817,2002,8,17,-68.092,-74.745,Bellingshausen/Amundsen,0.87,0.19,0,
66,GLOBEC,CR-25,20020817,2002,8,17,-68.092,-74.745,Bellingshausen/Amundsen,0.79,0.23,0.02,
67,GLOBEC,CR-26,20020817,2002,8,17,-68.092,-74.745,Bellingshausen/Amundsen,0.96,0.28,0.04,
68,GLOBEC,CR-27,20020817,2002,8,17,-68.092,-74.745,Bellingshausen/Amundsen,0.9,0.27,0.025,
69,GLOBEC,CR-59,20020819,2002,8,19,-67.5,-71.503,Bellingshausen/Amundsen,1.17,-99.9,-99.9,
70,GLOBEC,CR-60,20020819,2002,8,19,-67.5,-71.503,Bellingshausen/Amundsen,1.34,-99.9,-99.9,
71,GLOBEC,CR-28,20020819,2002,8,19,-67.545,-71.655,Bellingshausen/Amundsen,0.61,0.21,0.045,
72,GLOBEC,CR-29,20020819,2002,8,19,-67.545,-71.655,Bellingshausen/Amundsen,0.54,0.15,0,
73,GLOBEC,CR-30,20020819,2002,8,19,-67.545,-71.655,Bellingshausen/Amundsen,0.56,0.1,0.01,
74,GLOBEC,CR-31,20020819,2002,8,19,-67.545,-71.655,Bellingshausen/Amundsen,0.59,0.1,0.02,
75,GLOBEC,CR-32,20020819,2002,8,19,-67.545,-71.655,Bellingshausen/Amundsen,0.56,0.15,0.02,
76,GLOBEC,CR-33,20020819,2002,8,19,-67.545,-71.655,Bellingshausen/Amundsen,0.55,0.18,0.03,
77,GLOBEC,CR-34,20020820,2002,8,20,-67.266,-71.531,Bellingshausen/Amundsen,0.97,0.14,0.055,
78,GLOBEC,CR-35,20020820,2002,8,20,-67.266,-71.531,Bellingshausen/Amundsen,1.32,0.14,0.11,
79,GLOBEC,CR-36,20020820,2002,8,20,-67.266,-71.531,Bellingshausen/Amundsen,0.91,0.11,0.015,
80,GLOBEC,CR-37,20020820,2002,8,20,-67.266,-71.531,Bellingshausen/Amundsen,0.89,0.17,0.015,
81,GLOBEC,CR-38,20020820,2002,8,20,-67.266,-71.531,Bellingshausen/Amundsen,0.73,0.09,0.015,
82,GLOBEC,CR-39,20020820,2002,8,20,-67.266,-71.531,Bellingshausen/Amundsen,0.98,0.07,0.02,
83,GLOBEC,CR-61,20020821,2002,8,21,-67.088,-72.492,Bellingshausen/Amundsen,0.57,-99.9,-99.9,
84,GLOBEC,CR-62,20020821,2002,8,21,-67.088,-72.492,Bellingshausen/Amundsen,0.44,-99.9,-99.9,
85,GLOBEC,CR-63,20020821,2002,8,21,-67.088,-72.492,Bellingshausen/Amundsen,0.83,-99.9,-99.9,
86,GLOBEC,CR-64,20020821,2002,8,21,-67.088,-72.492,Bellingshausen/Amundsen,0.91,-99.9,-99.9,
87,GLOBEC,CR-65,20020821,2002,8,21,-67.088,-72.492,Bellingshausen/Amundsen,0.32,-99.9,-99.9,
88,GLOBEC,CR-66,20020821,2002,8,21,-67.088,-72.492,Bellingshausen/Amundsen,0.33,-99.9,-99.9,
89,GLOBEC,CR-67,20020821,2002,8,21,-67.088,-72.492,Bellingshausen/Amundsen,0.31,-99.9,-99.9,
90,GLOBEC,CR-68,20020821,2002,8,21,-67.088,-72.492,Bellingshausen/Amundsen,0.41,-99.9,-99.9,
91,GLOBEC,CR-69,20020821,2002,8,21,-67.088,-72.492,Bellingshausen/Amundsen,0.64,-99.9,-99.9,
92,GLOBEC,CR-69b,20020821,2002,8,21,-66.713,-72.17,Bellingshausen/Amundsen,0.25,-99.9,-99.9,
93,GLOBEC,CR-70,20020821,2002,8,21,-66.713,-72.17,Bellingshausen/Amundsen,2.72,-99.9,-99.9,
94,GLOBEC,CR-71,20020821,2002,8,21,-67.088,-72.492,Bellingshausen/Amundsen,0.58,-99.9,-99.9,
95,GLOBEC,CR-40,20020821,2002,8,21,-67.023,-73.409,Bellingshausen/Amundsen,0.91,0.25,0.02,
96,GLOBEC,CR-41,20020821,2002,8,21,-67.023,-73.409,Bellingshausen/Amundsen,1.4,0.25,0.08,
97,GLOBEC,CR-42,20020821,2002,8,21,-67.023,-73.409,Bellingshausen/Amundsen,1.42,0.21,-0.005,
98,GLOBEC,CR-43,20020821,2002,8,21,-67.023,-73.409,Bellingshausen/Amundsen,2.9,0.85,-99.9,
99,GLOBEC,CR-72,20020822,2002,8,22,-66.713,-72.17,Bellingshausen/Amundsen,0.3,-99.9,-99.9,
100,GLOBEC,CR-73,20020822,2002,8,22,-66.713,-72.17,Bellingshausen/Amundsen,0.75,-99.9,-99.9,
101,GLOBEC,CR-74,20020822,2002,8,22,-66.713,-72.17,Bellingshausen/Amundsen,2.55,-99.9,-99.9,
102,GLOBEC,CR-75,20020822,2002,8,22,-66.713,-72.17,Bellingshausen/Amundsen,1.18,-99.9,-99.9,
103,GLOBEC,CR-76,20020822,2002,8,22,-66.713,-72.17,Bellingshausen/Amundsen,2.3,-99.9,-99.9,
104,GLOBEC,CR-77,20020822,2002,8,22,-66.868,-72.17,Bellingshausen/Amundsen,0.55,-99.9,-99.9,
105,GLOBEC,CR-78,20020822,2002,8,22,-66.713,-72.17,Bellingshausen/Amundsen,0.54,-99.9,-99.9,
106,GLOBEC,CR-79,20020822,2002,8,22,-66.713,-72.17,Bellingshausen/Amundsen,2.81,-99.9,-99.9,
107,GLOBEC,CR-80,20020822,2002,8,22,-66.713,-72.17,Bellingshausen/Amundsen,0.1,-99.9,-99.9,
108,GLOBEC,CR-81,20020822,2002,8,22,-66.713,-72.17,Bellingshausen/Amundsen,0.83,-99.9,-99.9,
109,GLOBEC,CR-44,20020823,2002,8,23,-67.516,-75.093,Bellingshausen/Amundsen,2.96,0.97,-99.9,
110,GLOBEC,CR-45,20020823,2002,8,23,-67.516,-75.093,Bellingshausen/Amundsen,3.13,0.83,0.005,
111,GLOBEC,CR-82,20020824,2002,8,24,-66.635,-71.975,Bellingshausen/Amundsen,0.86,-99.9,-99.9,
112,GLOBEC,CR-83,20020824,2002,8,24,-66.632,-71.517,Bellingshausen/Amundsen,1.42,-99.9,-99.9,
113,GLOBEC,CR-84,20020824,2002,8,24,-66.632,-71.935,Bellingshausen/Amundsen,0.46,-99.9,-99.9,
114,GLOBEC,CR-85,20020824,2002,8,24,-66.632,-71.935,Bellingshausen/Amundsen,0.43,-99.9,-99.9,
115,GLOBEC,CR-87,20020824,2002,8,24,-66.632,-71.935,Bellingshausen/Amundsen,1.85,-99.9,-99.9,
116,GLOBEC,CR-88,20020824,2002,8,24,-66.632,-71.935,Bellingshausen/Amundsen,2.48,-99.9,-99.9,
117,GLOBEC,CR-89,20020824,2002,8,24,-66.632,-71.935,Bellingshausen/Amundsen,1.35,-99.9,-99.9,
118,GLOBEC,CR-90,20020824,2002,8,24,-66.632,-71.935,Bellingshausen/Amundsen,1.05,-99.9,-99.9,
119,GLOBEC,CR-91,20020824,2002,8,24,-66.632,-71.935,Bellingshausen/Amundsen,1.15,-99.9,-99.9,
120,GLOBEC,CR-46,20020824,2002,8,24,-67.812,-74.189,Bellingshausen/Amundsen,0.84,0.18,0.13,
121,GLOBEC,CR-47,20020824,2002,8,24,-67.812,-74.189,Bellingshausen/Amundsen,0.83,0.2,0.075,
122,GLOBEC,CR-48,20020824,2002,8,24,-67.812,-74.189,Bellingshausen/Amundsen,0.49,0.12,0.04,
123,GLOBEC,CR-92,20020826,2002,8,26,-66.395,-71.125,Bellingshausen/Amundsen,2.64,-99.9,-99.9,
124,GLOBEC,CR-93,20020826,2002,8,26,-66.395,-71.125,Bellingshausen/Amundsen,0.73,-99.9,-99.9,
125,GLOBEC,CR-94,20020826,2002,8,26,-66.388,-71.16,Bellingshausen/Amundsen,0.72,-99.9,-99.9,
126,GLOBEC,CR-100,20020828,2002,8,28,-66.287,-70.335,Bellingshausen/Amundsen,1.3,-99.9,-99.9,
127,GLOBEC,CR-101,20020828,2002,8,28,-66.287,-70.335,Bellingshausen/Amundsen,1.74,-99.9,-99.9,
128,GLOBEC,CR-102,20020828,2002,8,28,-66.287,-70.335,Bellingshausen/Amundsen,1.39,-99.9,-99.9,
129,GLOBEC,CR-103,20020828,2002,8,28,-66.287,-70.335,Bellingshausen/Amundsen,0.66,-99.9,-99.9,
130,GLOBEC,CR-104,20020828,2002,8,28,-66.287,-70.335,Bellingshausen/Amundsen,2.47,-99.9,-99.9,
131,GLOBEC,CR-105,20020828,2002,8,28,-66.287,-70.335,Bellingshausen/Amundsen,0.14,-99.9,-99.9,
132,GLOBEC,CR-50,20020828,2002,8,28,-67.937,-70.896,Bellingshausen/Amundsen,0.73,0.18,0.07,
133,GLOBEC,CR-51,20020828,2002,8,28,-67.937,-70.896,Bellingshausen/Amundsen,0.73,0.16,0.05,
134,GLOBEC,CR-52,20020828,2002,8,28,-67.937,-70.896,Bellingshausen/Amundsen,0.68,0.16,0.015,
135,GLOBEC,CR-53,20020828,2002,8,28,-67.937,-70.896,Bellingshausen/Amundsen,0.8,0.22,0.02,
136,GLOBEC,CR-54,20020828,2002,8,28,-67.937,-70.896,Bellingshausen/Amundsen,0.77,0.25,0.02,
137,GLOBEC,CR-55,20020829,2002,8,29,-67.114,-72.004,Bellingshausen/Amundsen,1.01,0.35,0.04,
138,GLOBEC,CR-56,20020829,2002,8,29,-67.114,-72.004,Bellingshausen/Amundsen,0.34,0.29,0.03,
139,GLOBEC,CR-57,20020829,2002,8,29,-67.114,-72.004,Bellingshausen/Amundsen,1.35,0.3,0.04,
140,GLOBEC,CR-58,20020829,2002,8,29,-67.114,-72.004,Bellingshausen/Amundsen,1.08,0.35,0.09,
141,GLOBEC,CR-106,20020901,2002,9,1,-66.262,-68.874,Bellingshausen/Amundsen,0.59,-99.9,-99.9,
142,GLOBEC,CR-107,20020901,2002,9,1,-66.262,-68.874,Bellingshausen/Amundsen,1.11,-99.9,-99.9,
143,GLOBEC,CR-108,20020901,2002,9,1,-66.262,-68.874,Bellingshausen/Amundsen,0.41,-99.9,-99.9,
144,GLOBEC,CR-109,20020901,2002,9,1,-66.262,-68.874,Bellingshausen/Amundsen,1.09,-99.9,-99.9,
145,GLOBEC,CR-110,20020901,2002,9,1,-66.262,-68.874,Bellingshausen/Amundsen,1.19,-99.9,-99.9,
146,GLOBEC,CR-111,20020901,2002,9,1,-66.262,-68.874,Bellingshausen/Amundsen,1.54,-99.9,-99.9,
147,GLOBEC,CR-112,20020901,2002,9,1,-66.262,-68.874,Bellingshausen/Amundsen,2.4,-99.9,-99.9,
148,GLOBEC,CR-113,20020901,2002,9,1,-66.262,-68.874,Bellingshausen/Amundsen,0.64,-99.9,-99.9,
149,GLOBEC,CR-114,20020901,2002,9,1,-66.262,-68.874,Bellingshausen/Amundsen,0.63,-99.9,-99.9,
150,GLOBEC,CR-59,20020901,2002,9,1,-65.799,-70.374,Bellingshausen/Amundsen,2.27,0.56,-0.03,
151,GLOBEC,CR-60,20020901,2002,9,1,-65.799,-70.374,Bellingshausen/Amundsen,1.63,-99.9,-99.9,Removed snow depth and freeboard values because the values were identical to those of CR-59 while the lower limit of the lowest chlorophyll-concentration measurement was i) different and ii) at a different thickness value (Stefan Kern June 27 2025)
152,GLOBEC,CR-61,20020901,2002,9,1,-65.799,-70.374,Bellingshausen/Amundsen,0.9,0.2,0,
153,GLOBEC,CR-62,20020901,2002,9,1,-65.799,-70.374,Bellingshausen/Amundsen,0.92,0.2,0,
154,GLOBEC,CR-115,20020902,2002,9,2,-66.025,-68.742,Bellingshausen/Amundsen,0.65,-99.9,-99.9,
155,GLOBEC,CR-116,20020902,2002,9,2,-66.025,-68.742,Bellingshausen/Amundsen,0.69,-99.9,-99.9,
156,GLOBEC,CR-117,20020902,2002,9,2,-66.025,-68.742,Bellingshausen/Amundsen,0.63,-99.9,-99.9,
157,GLOBEC,CR-118,20020902,2002,9,2,-66.025,-68.742,Bellingshausen/Amundsen,1.46,-99.9,-99.9,
158,GLOBEC,CR-119,20020902,2002,9,2,-66.025,-68.742,Bellingshausen/Amundsen,1.15,-99.9,-99.9,
159,GLOBEC,CR-120,20020902,2002,9,2,-66.025,-68.742,Bellingshausen/Amundsen,0.74,-99.9,-99.9,
160,GLOBEC,CR-121,20020902,2002,9,2,-66.025,-68.742,Bellingshausen/Amundsen,1.75,-99.9,-99.9,
161,GLOBEC,CR-122,20020902,2002,9,2,-66.025,-68.742,Bellingshausen/Amundsen,0.63,-99.9,-99.9,
162,GLOBEC,CR-123,20020902,2002,9,2,-66.025,-68.742,Bellingshausen/Amundsen,0.7,-99.9,-99.9,
163,GLOBEC,CR-124,20020902,2002,9,2,-66.025,-68.742,Bellingshausen/Amundsen,0.78,-99.9,-99.9,
164,GLOBEC,CR-125,20020902,2002,9,2,-66.025,-68.742,Bellingshausen/Amundsen,0.77,-99.9,-99.9,
165,GLOBEC,CR-126,20020902,2002,9,2,-66.025,-68.742,Bellingshausen/Amundsen,0.64,-99.9,-99.9,
166,GLOBEC,CR-63,20020903,2002,9,3,-66.1,-70.866,Bellingshausen/Amundsen,0.59,0.15,0.05,
167,GLOBEC,CR-64,20020903,2002,9,3,-66.1,-70.866,Bellingshausen/Amundsen,0.58,0.17,0.03,
168,GLOBEC,CR-65,20020903,2002,9,3,-66.1,-70.866,Bellingshausen/Amundsen,0.56,0.07,0.02,
169,GLOBEC,CR-66,20020903,2002,9,3,-66.1,-70.866,Bellingshausen/Amundsen,0.5,0.04,0.045,
170,GLOBEC,CR-67,20020903,2002,9,3,-66.1,-70.866,Bellingshausen/Amundsen,0.58,0.15,0.065,
171,GLOBEC,CR-68,20020903,2002,9,3,-66.1,-70.866,Bellingshausen/Amundsen,0.6,0.15,0.09,
172,GLOBEC,CR-127,20020904,2002,9,4,-65.772,-68.667,Bellingshausen/Amundsen,0.81,-99.9,-99.9,
173,GLOBEC,CR-128,20020904,2002,9,4,-65.772,-68.667,Bellingshausen/Amundsen,1.48,-99.9,-99.9,
174,GLOBEC,CR-129,20020904,2002,9,4,-65.772,-68.667,Bellingshausen/Amundsen,0.76,-99.9,-99.9,
175,GLOBEC,CR-130,20020904,2002,9,4,-65.772,-68.667,Bellingshausen/Amundsen,2.64,-99.9,-99.9,
176,GLOBEC,CR-131,20020904,2002,9,4,-65.772,-68.667,Bellingshausen/Amundsen,0.77,-99.9,-99.9,
177,GLOBEC,CR-132,20020904,2002,9,4,-65.772,-68.667,Bellingshausen/Amundsen,0.75,-99.9,-99.9,
178,GLOBEC,CR-69,20020904,2002,9,4,-66.743,-70.174,Bellingshausen/Amundsen,0.62,0.14,0.02,
179,GLOBEC,CR-70,20020904,2002,9,4,-66.743,-70.174,Bellingshausen/Amundsen,0.68,0.09,0.02,
180,GLOBEC,CR-71,20020904,2002,9,4,-66.743,-70.174,Bellingshausen/Amundsen,1.98,0.32,0.02,
181,GLOBEC,CR-72,20020904,2002,9,4,-66.743,-70.174,Bellingshausen/Amundsen,0.67,0.11,0.03,
182,GLOBEC,CR-73,20020904,2002,9,4,-66.743,-70.174,Bellingshausen/Amundsen,0.63,0.11,0.03,
183,GLOBEC,CR-135,20020905,2002,9,5,-65.697,-68.645,Bellingshausen/Amundsen,3.15,-99.9,-99.9,
184,GLOBEC,CR-136,20020906,2002,9,6,-65.71,-68.715,Bellingshausen/Amundsen,1.02,-99.9,-99.9,
185,GLOBEC,CR-137,20020906,2002,9,6,-65.71,-68.715,Bellingshausen/Amundsen,0.6,-99.9,-99.9,
186,GLOBEC,CR-138,20020906,2002,9,6,-65.71,-68.715,Bellingshausen/Amundsen,0.58,-99.9,-99.9,
187,GLOBEC,CR-139,20020906,2002,9,6,-65.71,-68.715,Bellingshausen/Amundsen,0.47,-99.9,-99.9,
188,GLOBEC,CR-140,20020906,2002,9,6,-65.71,-68.715,Bellingshausen/Amundsen,0.64,-99.9,-99.9,
189,GLOBEC,CR-141,20020906,2002,9,6,-65.71,-68.715,Bellingshausen/Amundsen,0.7,-99.9,-99.9,
190,GLOBEC,CR-142,20020906,2002,9,6,-65.71,-68.715,Bellingshausen/Amundsen,0.6,-99.9,-99.9,
191,GLOBEC,CR-74,20020906,2002,9,6,-67.044,-70.713,Bellingshausen/Amundsen,0.55,0.34,0.1,
192,GLOBEC,CR-75,20020906,2002,9,6,-67.044,-70.713,Bellingshausen/Amundsen,0.59,0.27,0.04,
193,GLOBEC,CR-76,20020906,2002,9,6,-67.044,-70.713,Bellingshausen/Amundsen,1.18,0.37,0,
194,GLOBEC,CR-77,20020906,2002,9,6,-67.044,-70.713,Bellingshausen/Amundsen,0.65,0.28,-0.01,
195,GLOBEC,CR-78,20020906,2002,9,6,-67.044,-70.713,Bellingshausen/Amundsen,0.59,0.34,0.1,
196,GLOBEC,CR-79,20020906,2002,9,6,-67.044,-70.713,Bellingshausen/Amundsen,0.65,0.4,-0.03,
197,GLOBEC,CR-80,20020906,2002,9,6,-67.044,-70.713,Bellingshausen/Amundsen,0.65,0.4,-0.03,
198,GLOBEC,CR-143,20020907,2002,9,7,-65.62,-68.603,Bellingshausen/Amundsen,0.66,-99.9,-99.9,
199,GLOBEC,CR-144,20020907,2002,9,7,-65.62,-68.603,Bellingshausen/Amundsen,0.88,-99.9,-99.9,
200,GLOBEC,CR-145,20020907,2002,9,7,-65.62,-68.603,Bellingshausen/Amundsen,0.61,-99.9,-99.9,
201,GLOBEC,CR-146,20020907,2002,9,7,-65.62,-68.603,Bellingshausen/Amundsen,0.91,-99.9,-99.9,
202,GLOBEC,CR-147,20020907,2002,9,7,-65.62,-68.603,Bellingshausen/Amundsen,0.82,-99.9,-99.9,
203,GLOBEC,CR-148,20020907,2002,9,7,-65.62,-68.603,Bellingshausen/Amundsen,0.87,-99.9,-99.9,
204,GLOBEC,CR-149,20020907,2002,9,7,-65.62,-68.603,Bellingshausen/Amundsen,0.83,-99.9,-99.9,
205,GLOBEC,CR-81,20020908,2002,9,8,-66.982,-69.495,Bellingshausen/Amundsen,2.97,0.3,0.22,
206,GLOBEC,CR-82,20020910,2002,9,10,-66.405,-68.378,Bellingshausen/Amundsen,0.58,0.1,0.02,
207,GLOBEC,CR-83,20020910,2002,9,10,-66.405,-68.378,Bellingshausen/Amundsen,0.54,0.21,0,
208,GLOBEC,CR-84,20020911,2002,9,11,-66.169,-65.61,Bellingshausen/Amundsen,0.67,0.2,0,
209,GLOBEC,CR-85,20020911,2002,9,11,-66.169,-65.61,Bellingshausen/Amundsen,0.69,0.29,-0.01,
210,GLOBEC,CR-86,20020911,2002,9,11,-66.169,-65.61,Bellingshausen/Amundsen,0.49,0.2,-0.03,
211,GLOBEC,CR-87,20020911,2002,9,11,-66.169,-65.61,Bellingshausen/Amundsen,0.44,0.18,0,
212,AURORA,29A,20021029,2002,10,29,-63.9,143.767,Australian,0.31,-99.9,-99.9,
213,AURORA,29B,20021029,2002,10,29,-63.9,143.767,Australian,0.31,-99.9,-99.9,
214,AURORA,29C,20021029,2002,10,29,-63.9,143.767,Australian,0.35,-99.9,-99.9,
215,AURORA,A1,20021029,2002,10,29,-63.894,143.799,Australian,0.29,0.045,-99.9,
216,AURORA,A2,20021029,2002,10,29,-63.894,143.799,Australian,0.3,0.05,-99.9,
217,AURORA,A3,20021029,2002,10,29,-63.894,143.799,Australian,0.34,0.04,-99.9,
218,AURORA,A4,20021029,2002,10,29,-63.894,143.799,Australian,0.35,0.04,-99.9,
219,AURORA,30A,20021030,2002,10,30,-65.7,147.4,Australian,1.1,-99.9,-99.9,
220,AURORA,30B,20021030,2002,10,30,-65.7,147.4,Australian,0.9,-99.9,-99.9,
221,AURORA,30C,20021030,2002,10,30,-65.7,147.4,Australian,1.09,-99.9,-99.9,
222,AURORA,30D,20021030,2002,10,30,-65.7,147.4,Australian,1.16,-99.9,-99.9,
223,AURORA,B1,20021030,2002,10,30,-65.694,147.577,Australian,1.1,0.04,-99.9,
224,AURORA,B2,20021030,2002,10,30,-65.694,147.577,Australian,1.06,0.047,-99.9,
225,AURORA,B3,20021030,2002,10,30,-65.694,147.577,Australian,1.02,0.04,-99.9,
226,AURORA,C1,20021101,2002,11,1,-65.704,147.577,Australian,0.65,0.2,-99.9,
227,AURORA,C2,20021101,2002,11,1,-65.704,147.577,Australian,0.6,0.1,-99.9,
228,AURORA,C3,20021101,2002,11,1,-65.704,147.577,Australian,0.6,0.1,-99.9,
229,AURORA,C4,20021101,2002,11,1,-65.704,147.577,Australian,0.62,0.08,-99.9,
230,AURORA,2A,20021102,2002,11,2,-65.7,147.4,Australian,0.55,-99.9,-99.9,
231,AURORA,2B,20021102,2002,11,2,-65.7,147.4,Australian,0.55,-99.9,-99.9,
232,AURORA,2C,20021102,2002,11,2,-65.7,147.4,Australian,0.54,-99.9,-99.9,
233,AURORA,4AA,20021104,2002,11,4,-65.7,146.617,Australian,0.75,-99.9,-99.9,
234,AURORA,4AB,20021104,2002,11,4,-65.7,146.617,Australian,0.7,-99.9,-99.9,
235,AURORA,4AC,20021104,2002,11,4,-65.7,146.617,Australian,0.69,-99.9,-99.9,
236,AURORA,4BA,20021104,2002,11,4,-65.567,146.8,Australian,0.25,-99.9,-99.9,
237,AURORA,4BB,20021104,2002,11,4,-65.567,146.8,Australian,0.25,-99.9,-99.9,
238,AURORA,4BC,20021104,2002,11,4,-65.567,146.8,Australian,0.25,-99.9,-99.9,
239,AURORA,4CA,20021104,2002,11,4,-65.7,146.6,Australian,0.6,-99.9,-99.9,
240,AURORA,4CB,20021104,2002,11,4,-65.7,146.617,Australian,0.7,-99.9,-99.9,
241,AURORA,4CC,20021104,2002,11,4,-65.7,146.617,Australian,0.73,-99.9,-99.9,
242,AURORA,H1,20021104,2002,11,4,-65.835,146.443,Australian,0.8,0.006,-99.9,
243,AURORA,H2,20021104,2002,11,4,-65.835,146.443,Australian,0.8,0.008,-99.9,
244,AURORA,H3,20021104,2002,11,4,-65.835,146.443,Australian,0.8,0.008,-99.9,
245,AURORA,7A,20021107,2002,11,7,-65.55,146.533,Australian,0.55,-99.9,-99.9,
246,AURORA,7B,20021107,2002,11,7,-65.55,146.533,Australian,0.5,-99.9,-99.9,
247,AURORA,8A,20021108,2002,11,8,-65.55,146.533,Australian,0.55,-99.9,-99.9,
248,AURORA,I1,20021108,2002,11,8,-65.545,146.49,Australian,0.6,0.008,-99.9,
249,AURORA,I2,20021108,2002,11,8,-65.545,146.49,Australian,0.6,0.008,-99.9,
250,AURORA,I3,20021108,2002,11,8,-65.545,146.49,Australian,0.6,0.008,-99.9,
251,AURORA,9A,20021109,2002,11,9,-64.417,145.667,Australian,0.75,-99.9,-99.9,
252,AURORA,9B,20021109,2002,11,9,-64.417,145.667,Australian,0.79,-99.9,-99.9,
253,AURORA,9C,20021109,2002,11,9,-64.417,145.667,Australian,0.8,-99.9,-99.9,
254,ARISE,1_Fripiat,20030926,2003,9,26,-64.6,116.5,Australian,0.5,-99.9,-99.9,
255,ARISE,1,20030926,2003,9,26,-64.578,116.49,Australian,0.51,0.01,-99.9,I removed all lines where the entries in sea ice thickness and snow depth were identical and where the was not change in the station number
256,ARISE,AA1,20030926,2003,9,26,-64.963,116.817,Australian,0.92,-99.9,-99.9,
257,ARISE,AA2,20030926,2003,9,26,-64.963,116.817,Australian,0.98,-99.9,-99.9,
258,ARISE,AA3,20030926,2003,9,26,-64.963,116.817,Australian,0.91,-99.9,-99.9,
259,ARISE,AB1,20030926,2003,9,26,-64.963,116.817,Australian,0.85,-99.9,-99.9,
260,ARISE,AB2,20030926,2003,9,26,-64.963,116.817,Australian,0.84,-99.9,-99.9,
261,ARISE,AB3,20030926,2003,9,26,-64.963,116.817,Australian,0.99,-99.9,-99.9,
262,ARISE,AC1,20030926,2003,9,26,-64.963,116.817,Australian,0.56,-99.9,-99.9,
263,ARISE,AC2,20030926,2003,9,26,-64.963,116.817,Australian,0.54,-99.9,-99.9,
264,ARISE,AC3,20030926,2003,9,26,-64.963,116.817,Australian,0.56,-99.9,-99.9,
265,ARISE,MS1-5,20030927,2003,9,27,-64.924,116.793,Australian,2.1,0.05,-99.9,
266,ARISE,BA1,20030928,2003,9,28,-64.763,117.468,Australian,1.18,-99.9,-99.9,
267,ARISE,BA2,20030928,2003,9,28,-64.763,117.468,Australian,1.08,-99.9,-99.9,
268,ARISE,BA3,20030928,2003,9,28,-64.763,117.468,Australian,0.81,-99.9,-99.9,
269,ARISE,BB1,20030928,2003,9,28,-64.763,117.468,Australian,0.84,-99.9,-99.9,
270,ARISE,BB2,20030928,2003,9,28,-64.763,117.468,Australian,0.85,-99.9,-99.9,
271,ARISE,BB3,20030928,2003,9,28,-64.763,117.468,Australian,0.96,-99.9,-99.9,
272,ARISE,BC1,20030928,2003,9,28,-64.763,117.468,Australian,1.16,-99.9,-99.9,
273,ARISE,BC2,20030928,2003,9,28,-64.763,117.468,Australian,1.23,-99.9,-99.9,
274,ARISE,BC3,20030928,2003,9,28,-64.763,117.468,Australian,1.23,-99.9,-99.9,
275,ARISE,MS2-5,20030928,2003,9,28,-64.766,117.312,Australian,1.3,1.01,-99.9,
276,ARISE,3_Fripiat,20030930,2003,9,30,-64.3,116.4,Australian,1.5,0.12,-99.9,
277,ARISE,3,20030930,2003,9,30,-64.346,116.431,Australian,1.5,0.25,-99.9,
278,ARISE,CB1,20030930,2003,9,30,-64.577,116.718,Australian,0.46,-99.9,-99.9,
279,ARISE,CB2,20030930,2003,9,30,-64.577,116.718,Australian,0.53,-99.9,-99.9,
280,ARISE,CB3,20030930,2003,9,30,-64.577,116.718,Australian,0.56,-99.9,-99.9,
281,ARISE,CD1,20030930,2003,9,30,-64.577,116.718,Australian,0.8,-99.9,-99.9,
282,ARISE,CD2,20030930,2003,9,30,-64.577,116.718,Australian,0.66,-99.9,-99.9,
283,ARISE,CD3,20030930,2003,9,30,-64.577,116.718,Australian,0.85,-99.9,-99.9,
284,ARISE,CE1,20030930,2003,9,30,-64.577,116.718,Australian,1.2,-99.9,-99.9,
285,ARISE,CE2,20030930,2003,9,30,-64.577,116.718,Australian,0.96,-99.9,-99.9,
286,ARISE,CE3,20030930,2003,9,30,-64.577,116.718,Australian,1.06,-99.9,-99.9,
287,ARISE,IV,20031001,2003,10,1,-64.619,117.735,Australian,0.5,0.02,-99.9,
288,ARISE,4_Fripiat,20031001,2003,10,1,-64.3,116.4,Australian,0.48,0.05,-99.9,
289,ARISE,4,20031001,2003,10,1,-64.377,116.445,Australian,0.48,0.045,-99.9,
290,ARISE,DA1,20031001,2003,10,1,-64.628,117.742,Australian,0.62,-99.9,-99.9,
291,ARISE,DA2,20031001,2003,10,1,-64.628,117.742,Australian,0.6,-99.9,-99.9,
292,ARISE,DA3,20031001,2003,10,1,-64.628,117.742,Australian,0.62,-99.9,-99.9,
293,ARISE,DB1,20031001,2003,10,1,-64.628,117.742,Australian,0.5,-99.9,-99.9,
294,ARISE,DB2,20031001,2003,10,1,-64.628,117.742,Australian,0.53,-99.9,-99.9,
295,ARISE,DB3,20031001,2003,10,1,-64.628,117.742,Australian,0.54,-99.9,-99.9,
296,ARISE,DC1,20031001,2003,10,1,-64.628,117.742,Australian,0.54,-99.9,-99.9,
297,ARISE,DC2,20031001,2003,10,1,-64.628,117.742,Australian,0.52,-99.9,-99.9,
298,ARISE,DC3,20031001,2003,10,1,-64.628,117.742,Australian,0.57,-99.9,-99.9,
299,ARISE,LS4-1,20031001,2003,10,1,-64.629,117.741,Australian,0.7,0.04,-99.9,
300,ARISE,LS4-2,20031001,2003,10,1,-64.629,117.741,Australian,0.7,0.04,-99.9,
301,ARISE,LS4-3,20031001,2003,10,1,-64.629,117.741,Australian,0.7,0.03,-99.9,
302,ARISE,LS4-4,20031001,2003,10,1,-64.629,117.741,Australian,0.7,0.05,-99.9,
303,ARISE,LS4-5,20031001,2003,10,1,-64.629,117.741,Australian,0.7,0.02,-99.9,
304,ARISE,V,20031007,2003,10,7,-64.567,116.619,Australian,0.83,0.02,-99.9,
305,ARISE,5_Fripiat,20031007,2003,10,7,-64.3,116.4,Australian,0.81,0.07,-99.9,
306,ARISE,5,20031007,2003,10,7,-64.34,116.378,Australian,0.81,0.45,-99.9,
307,ARISE,EB1,20031007,2003,10,7,-64.567,116.63,Australian,0.67,-99.9,-99.9,
308,ARISE,EB2,20031007,2003,10,7,-64.567,116.63,Australian,0.51,-99.9,-99.9,
309,ARISE,EB3,20031007,2003,10,7,-64.567,116.63,Australian,0.79,-99.9,-99.9,
310,ARISE,EC1,20031007,2003,10,7,-64.567,116.63,Australian,1.22,-99.9,-99.9,
311,ARISE,EC2,20031007,2003,10,7,-64.567,116.63,Australian,1.36,-99.9,-99.9,
312,ARISE,EC3,20031007,2003,10,7,-64.567,116.63,Australian,1.25,-99.9,-99.9,
313,ARISE,ED1,20031007,2003,10,7,-64.567,116.63,Australian,1.07,-99.9,-99.9,
314,ARISE,ED2,20031007,2003,10,7,-64.567,116.63,Australian,0.76,-99.9,-99.9,
315,ARISE,ED3,20031007,2003,10,7,-64.567,116.63,Australian,0.89,-99.9,-99.9,
316,ARISE,FA1,20031007,2003,10,7,-64.518,116.5,Australian,0.34,-99.9,-99.9,
317,ARISE,FA2,20031007,2003,10,7,-64.518,116.5,Australian,0.39,-99.9,-99.9,
318,ARISE,FA3,20031007,2003,10,7,-64.518,116.5,Australian,0.36,-99.9,-99.9,
319,ARISE,FB1,20031007,2003,10,7,-64.518,116.5,Australian,0.42,-99.9,-99.9,
320,ARISE,FB2,20031007,2003,10,7,-64.518,116.5,Australian,0.39,-99.9,-99.9,
321,ARISE,FB3,20031007,2003,10,7,-64.518,116.5,Australian,0.39,-99.9,-99.9,
322,ARISE,FC1,20031007,2003,10,7,-64.518,116.5,Australian,0.37,-99.9,-99.9,
323,ARISE,FC2,20031007,2003,10,7,-64.518,116.5,Australian,0.37,-99.9,-99.9,
324,ARISE,FC3,20031007,2003,10,7,-64.518,116.5,Australian,0.4,-99.9,-99.9,
325,ARISE,MS5-6,20031007,2003,10,7,-64.557,116.589,Australian,1.3,0.26,-99.9,
326,ARISE,GA1,20031008,2003,10,8,-64.633,116.678,Australian,1.06,-99.9,-99.9,
327,ARISE,GA2,20031008,2003,10,8,-64.633,116.678,Australian,0.72,-99.9,-99.9,
328,ARISE,GA3,20031008,2003,10,8,-64.633,116.678,Australian,0.56,-99.9,-99.9,
329,ARISE,GB1,20031008,2003,10,8,-64.633,116.678,Australian,0.8,-99.9,-99.9,
330,ARISE,GB2,20031008,2003,10,8,-64.633,116.678,Australian,0.67,-99.9,-99.9,
331,ARISE,GB3,20031008,2003,10,8,-64.633,116.678,Australian,1.06,-99.9,-99.9,
332,ARISE,GC1,20031008,2003,10,8,-64.633,116.678,Australian,0.52,-99.9,-99.9,
333,ARISE,GC2,20031008,2003,10,8,-64.633,116.678,Australian,0.54,-99.9,-99.9,
334,ARISE,GC3,20031008,2003,10,8,-64.633,116.678,Australian,0.54,-99.9,-99.9,
335,ARISE,MS6-1,20031008,2003,10,8,-64.518,116.499,Australian,0.3,0.06,-99.9,
336,ARISE,MS6-2,20031008,2003,10,8,-64.518,116.499,Australian,0.5,0.06,-99.9,
337,ARISE,MS6-3,20031008,2003,10,8,-64.518,116.499,Australian,0.5,0.1,-99.9,
338,ARISE,MS6-4,20031008,2003,10,8,-64.518,116.499,Australian,0.48,0.09,-99.9,
339,ARISE,MS6-5,20031008,2003,10,8,-64.518,116.499,Australian,0.5,0.05,-99.9,
340,ARISE,9_Fripiat,20031008,2003,10,8,-64.2,115.2,Australian,0.51,0.03,-99.9,
341,ARISE,9,20031008,2003,10,8,-64.241,115.175,Australian,0.51,0.45,-99.9,
342,ARISE,7_Fripiat,20031008,2003,10,8,-64.4,116.4,Australian,0.68,0.05,-99.9,
343,ARISE,7,20031009,2003,10,9,-64.38,116.407,Australian,0.68,0.075,-99.9,
344,ARISE,VII,20031009,2003,10,9,-64.633,116.669,Australian,0.685,0.065,-99.9,
345,ARISE,MS7-3,20031009,2003,10,9,-64.635,116.671,Australian,0.7,0.045,-99.9,
346,ARISE,HA1,20031010,2003,10,10,-64.612,116.728,Australian,0.25,-99.9,-99.9,
347,ARISE,HA2,20031010,2003,10,10,-64.612,116.728,Australian,0.22,-99.9,-99.9,
348,ARISE,HA3,20031010,2003,10,10,-64.612,116.728,Australian,0.22,-99.9,-99.9,
349,ARISE,HB1,20031010,2003,10,10,-64.612,116.728,Australian,0.28,-99.9,-99.9,
350,ARISE,HB2,20031010,2003,10,10,-64.612,116.728,Australian,0.29,-99.9,-99.9,
351,ARISE,HB3,20031010,2003,10,10,-64.612,116.728,Australian,0.31,-99.9,-99.9,
352,ARISE,HC1,20031010,2003,10,10,-64.612,116.728,Australian,0.3,-99.9,-99.9,
353,ARISE,HC2,20031010,2003,10,10,-64.612,116.728,Australian,0.28,-99.9,-99.9,
354,ARISE,HC3,20031010,2003,10,10,-64.612,116.728,Australian,0.29,-99.9,-99.9,
355,ARISE,IA1,20031010,2003,10,10,-64.652,117.277,Australian,0.6,-99.9,-99.9,
356,ARISE,IA2,20031010,2003,10,10,-64.652,117.277,Australian,0.6,-99.9,-99.9,
357,ARISE,IA3,20031010,2003,10,10,-64.652,117.277,Australian,0.6,-99.9,-99.9,
358,ARISE,IB1,20031010,2003,10,10,-64.652,117.277,Australian,0.61,-99.9,-99.9,
359,ARISE,IB2,20031010,2003,10,10,-64.652,117.277,Australian,0.59,-99.9,-99.9,
360,ARISE,IB3,20031010,2003,10,10,-64.652,117.277,Australian,0.57,-99.9,-99.9,
361,ARISE,IC1,20031010,2003,10,10,-64.652,117.277,Australian,0.52,-99.9,-99.9,
362,ARISE,IC2,20031010,2003,10,10,-64.652,117.277,Australian,0.5,-99.9,-99.9,
363,ARISE,IC3,20031010,2003,10,10,-64.652,117.277,Australian,0.58,-99.9,-99.9,
364,ARISE,IX,20031011,2003,10,11,-64.4,115.285,Australian,0.53,0.02,-99.9,
365,ARISE,JB1,20031011,2003,10,11,-64.402,115.292,Australian,0.72,-99.9,-99.9,
366,ARISE,JB2,20031011,2003,10,11,-64.402,115.292,Australian,0.73,-99.9,-99.9,
367,ARISE,JB3,20031011,2003,10,11,-64.402,115.292,Australian,0.4,-99.9,-99.9,
368,ARISE,JC1,20031011,2003,10,11,-64.402,115.292,Australian,1.12,-99.9,-99.9,
369,ARISE,JC2,20031011,2003,10,11,-64.402,115.292,Australian,0.94,-99.9,-99.9,
370,ARISE,JC3,20031011,2003,10,11,-64.402,115.292,Australian,1.13,-99.9,-99.9,
371,ARISE,JD1,20031011,2003,10,11,-64.402,115.292,Australian,0.83,-99.9,-99.9,
372,ARISE,JD2,20031011,2003,10,11,-64.402,115.292,Australian,1.15,-99.9,-99.9,
373,ARISE,JD3,20031011,2003,10,11,-64.402,115.292,Australian,0.75,-99.9,-99.9,
374,ARISE,MS10-5,20031011,2003,10,11,-64.399,115.291,Australian,1.55,0.38,-99.9,
375,ARISE,KB1,20031012,2003,10,12,-64.658,115.742,Australian,0.55,-99.9,-99.9,
376,ARISE,KB2,20031012,2003,10,12,-64.658,115.742,Australian,1.06,-99.9,-99.9,
377,ARISE,KB3,20031012,2003,10,12,-64.658,115.742,Australian,0.87,-99.9,-99.9,
378,ARISE,KC1,20031012,2003,10,12,-64.658,115.742,Australian,0.92,-99.9,-99.9,
379,ARISE,KC2,20031012,2003,10,12,-64.658,115.742,Australian,1.19,-99.9,-99.9,
380,ARISE,KC3,20031012,2003,10,12,-64.658,115.742,Australian,0.91,-99.9,-99.9,
381,ARISE,KD1,20031012,2003,10,12,-64.658,115.742,Australian,0.45,-99.9,-99.9,
382,ARISE,KD2,20031012,2003,10,12,-64.658,115.742,Australian,1.04,-99.9,-99.9,
383,ARISE,KD3,20031012,2003,10,12,-64.658,115.742,Australian,0.89,-99.9,-99.9,
384,ARISE,XII,20031014,2003,10,14,-63.934,114.378,Australian,0.65,-99.9,-99.9,
385,ARISE,LA1,20031014,2003,10,14,-63.937,114.323,Australian,0.51,-99.9,-99.9,
386,ARISE,LA2,20031014,2003,10,14,-63.937,114.323,Australian,0.49,-99.9,-99.9,
387,ARISE,LA3,20031014,2003,10,14,-63.937,114.323,Australian,0.52,-99.9,-99.9,
388,ARISE,LB1,20031014,2003,10,14,-63.937,114.323,Australian,0.56,-99.9,-99.9,
389,ARISE,LB2,20031014,2003,10,14,-63.937,114.323,Australian,0.58,-99.9,-99.9,
390,ARISE,LB3,20031014,2003,10,14,-63.937,114.323,Australian,0.48,-99.9,-99.9,
391,ARISE,LC1,20031014,2003,10,14,-63.937,114.323,Australian,0.51,-99.9,-99.9,
392,ARISE,LC2,20031014,2003,10,14,-63.937,114.323,Australian,0.6,-99.9,-99.9,
393,ARISE,LC3,20031014,2003,10,14,-63.937,114.323,Australian,0.41,-99.9,-99.9,
394,ARISE,12_Fripiat,20031014,2003,10,14,-63.6,114.2,Australian,0.66,0.05,-99.9,
395,ARISE,12,20031014,2003,10,14,-63.562,114.194,Australian,0.66,0.06,-99.9,
396,ARISE,XIII,20031020,2003,10,20,-65.267,109.452,Australian,0.32,0.05,-99.9,
397,ARISE,MA1,20031020,2003,10,20,-65.268,109.463,Australian,0.37,-99.9,-99.9,
398,ARISE,MA2,20031020,2003,10,20,-65.268,109.463,Australian,0.33,-99.9,-99.9,
399,ARISE,MA3,20031020,2003,10,20,-65.268,109.463,Australian,0.37,-99.9,-99.9,
400,ARISE,MB1,20031020,2003,10,20,-65.268,109.463,Australian,0.4,-99.9,-99.9,
401,ARISE,MB2,20031020,2003,10,20,-65.268,109.463,Australian,0.41,-99.9,-99.9,
402,ARISE,MB3,20031020,2003,10,20,-65.268,109.463,Australian,0.43,-99.9,-99.9,
403,ARISE,MC1,20031020,2003,10,20,-65.268,109.463,Australian,0.32,-99.9,-99.9,
404,ARISE,MC2,20031020,2003,10,20,-65.268,109.463,Australian,0.31,-99.9,-99.9,
405,ARISE,MC3,20031020,2003,10,20,-65.268,109.463,Australian,0.32,-99.9,-99.9,
406,ARISE,13_Fripiat,20031020,2003,10,20,-65.2,109.3,Australian,0.26,0.03,-99.9,
407,ARISE,13,20031020,2003,10,20,-65.161,109.278,Australian,0.26,0.04,-99.9,
408,SIMBA,Bruxelles 1,20041001,2004,10,1,-70.6355,-90.7362,Bellingshausen/Amundsen,0.62,0.1,0.04,
409,SIMBA,Liﬁge 1,20041003,2004,10,3,-70.1836,-93.6715,Bellingshausen/Amundsen,1.12,0.28,0.025,
410,SIMBA,Bruxelles 2,20041006,2004,10,6,-69.8214,-92.1834,Bellingshausen/Amundsen,0.635,0.11,0.01,
411,SIMBA,Liﬁge 2,20041008,2004,10,8,-69.6288,-92.3776,Bellingshausen/Amundsen,1.1,0.35,0.01,
412,SIMBA,Bruxelles 3,20041011,2004,10,11,-70.0602,-93.6839,Bellingshausen/Amundsen,0.625,0.25,0.007,
413,SIMBA,Liﬁge 3,20041013,2004,10,13,-70.094,-94.5687,Bellingshausen/Amundsen,0.95,0.34,0,
414,SIMBA,Bruxelles 4,20041016,2004,10,16,-69.9672,-93,Bellingshausen/Amundsen,0.68,0.075,0.015,
415,SIMBA,Liﬁge 4,20041018,2004,10,18,-69.6937,-92.0409,Bellingshausen/Amundsen,1.015,0.37,-0.01,
416,AURORA,A5,20041019,2004,10,19,-64.908,109.004,Australian,0.3,-99.9,-99.9,
417,AURORA,1-1A,20041020,2004,10,20,-64.911,108.982,Australian,0.38,0.075,-99.9,
418,AURORA,1-1B,20041020,2004,10,20,-64.911,108.982,Australian,0.28,0.075,-99.9,
419,AURORA,1-1C,20041020,2004,10,20,-64.911,108.982,Australian,0.25,0.075,-99.9,
420,AURORA,01. Feb,20041020,2004,10,20,-64.911,108.982,Australian,0.375,0.075,-99.9,
421,AURORA,01. Mrz,20041020,2004,10,20,-64.911,108.982,Australian,0.23,0.075,-99.9,
422,SIMBA,Bruxelles 5,20041021,2004,10,21,-69.6786,-92.6411,Bellingshausen/Amundsen,0.7,0.15,0.015,
423,AURORA,2-1A,20041022,2004,10,22,-64.868,108.236,Australian,0.79,0.2,-99.9,
424,AURORA,2-1B,20041022,2004,10,22,-64.868,108.236,Australian,0.83,0.2,-99.9,
425,AURORA,2-1C,20041022,2004,10,22,-64.868,108.236,Australian,0.93,0.2,-99.9,
426,AURORA,02. Feb,20041022,2004,10,22,-64.868,108.236,Australian,0.62,0.2,-99.9,
427,AURORA,02. Mrz,20041022,2004,10,22,-64.868,108.236,Australian,0.7,0.2,-99.9,
428,AURORA,C5,20041023,2004,10,23,-64.777,107.891,Australian,0.38,-99.9,-99.9,
429,SIMBA,Liﬁge 5,20041023,2004,10,23,-70.0446,-94.0872,Bellingshausen/Amundsen,1.01,0.38,-0.001,
430,AURORA,3-1A,20041024,2004,10,24,-64.773,107.893,Australian,0.4,0.05,-99.9,
431,AURORA,3-1B,20041024,2004,10,24,-64.773,107.893,Australian,0.42,0.05,-99.9,
432,AURORA,3-1C,20041024,2004,10,24,-64.773,107.893,Australian,0.37,0.05,-99.9,
433,AURORA,3-2A,20041024,2004,10,24,-64.773,107.893,Australian,0.35,0.05,-99.9,
434,AURORA,3-2B,20041024,2004,10,24,-64.773,107.893,Australian,0.3,0.05,-99.9,
435,AURORA,3-2C,20041024,2004,10,24,-64.773,107.893,Australian,0.32,0.05,-99.9,
436,AURORA,3-3A,20041024,2004,10,24,-64.773,107.893,Australian,0.39,0.05,-99.9,
437,AURORA,3-3B,20041024,2004,10,24,-64.773,107.893,Australian,0.35,0.05,-99.9,
438,AURORA,3-3C,20041024,2004,10,24,-64.773,107.893,Australian,0.35,0.05,-99.9,
439,AURORA,D5,20041024,2004,10,24,-64.713,107.75,Australian,0.7,-99.9,-99.9,
440,AURORA,4-1A,20041025,2004,10,25,-64.709,107.748,Australian,0.38,0.1,-99.9,
441,AURORA,4-1B,20041025,2004,10,25,-64.709,107.748,Australian,0.34,0.1,-99.9,
442,AURORA,4-1C,20041025,2004,10,25,-64.709,107.748,Australian,0.3,0.1,-99.9,
443,AURORA,4-2A,20041025,2004,10,25,-64.709,107.748,Australian,0.35,0.1,-99.9,
444,AURORA,4-2B,20041025,2004,10,25,-64.709,107.748,Australian,0.5,0.1,-99.9,
445,AURORA,4-2C,20041025,2004,10,25,-64.709,107.748,Australian,0.46,0.1,-99.9,
446,AURORA,4-3A,20041025,2004,10,25,-64.709,107.748,Australian,0.45,0.1,-99.9,
447,AURORA,4-3B,20041025,2004,10,25,-64.709,107.748,Australian,0.49,0.1,-99.9,
448,AURORA,4-3C,20041025,2004,10,25,-64.709,107.748,Australian,0.54,0.1,-99.9,
449,AURORA,E5,20041026,2004,10,26,-64.873,107.81,Australian,0.68,-99.9,-99.9,
450,AURORA,F5,20041026,2004,10,26,-64.45,107.433,Australian,0.52,-99.9,-99.9,
451,AURORA,05. Jan,20041027,2004,10,27,-64.941,106.811,Australian,0.58,0.175,-99.9,
452,AURORA,05. Feb,20041027,2004,10,27,-64.941,106.811,Australian,0.56,0.175,-99.9,
453,AURORA,5-3A,20041027,2004,10,27,-64.941,106.811,Australian,0.57,0.175,-99.9,
454,AURORA,5-3B,20041027,2004,10,27,-64.941,106.811,Australian,0.56,0.175,-99.9,
455,AURORA,5-3C,20041027,2004,10,27,-64.941,106.811,Australian,0.56,0.175,-99.9,
456,AURORA,G5,20041028,2004,10,28,-64.567,107.617,Australian,0.75,-99.9,-99.9,
457,AURORA,06. Jan,20041028,2004,10,28,-64.567,107.617,Australian,0.62,0.075,-99.9,
458,AURORA,06. Feb,20041028,2004,10,28,-64.567,107.617,Australian,0.68,0.075,-99.9,
459,AURORA,6-3A,20041028,2004,10,28,-64.567,107.617,Australian,0.61,0.075,-99.9,
460,AURORA,6-3B,20041028,2004,10,28,-64.567,107.617,Australian,0.64,0.075,-99.9,
461,AURORA,6-3C,20041028,2004,10,28,-64.567,107.617,Australian,0.61,0.075,-99.9,
462,AURORA,07. Jan,20041028,2004,10,28,-64.313,108.012,Australian,0.9,0.4,-99.9,
463,AURORA,07. Feb,20041028,2004,10,28,-64.313,108.012,Australian,0.88,0.4,-99.9,
464,AURORA,7-3A,20041028,2004,10,28,-64.313,108.012,Australian,0.55,0.4,-99.9,
465,AURORA,7-3B,20041028,2004,10,28,-64.313,108.012,Australian,0.45,0.4,-99.9,
466,AURORA,7-3C,20041028,2004,10,28,-64.313,108.012,Australian,0.32,0.4,-99.9,
467,AURORA,8-1A,20041029,2004,10,29,-64.354,107.285,Australian,0.41,0.15,-99.9,
468,AURORA,8-1B,20041029,2004,10,29,-64.354,107.285,Australian,0.39,0.15,-99.9,
469,AURORA,8-1C,20041029,2004,10,29,-64.354,107.285,Australian,0.4,0.15,-99.9,
470,AURORA,9-1A,20041030,2004,10,30,-64.467,107,Australian,0.54,0.15,-99.9,
471,AURORA,9-1B,20041030,2004,10,30,-64.467,107,Australian,0.54,0.15,-99.9,
472,AURORA,9-1C,20041030,2004,10,30,-64.467,107,Australian,0.5,0.15,-99.9,
473,AURORA,09. Feb,20041030,2004,10,30,-64.467,107,Australian,0.64,0.15,-99.9,
474,AURORA,09. Mrz,20041030,2004,10,30,-64.467,107,Australian,0.63,0.15,-99.9,
475,AURORA,10-1A,20041103,2004,11,3,-64.938,110.772,Australian,0.45,0.35,-99.9,
476,AURORA,10-1B,20041103,2004,11,3,-64.938,110.772,Australian,0.27,0.35,-99.9,
477,AURORA,10-1C,20041103,2004,11,3,-64.938,110.772,Australian,0.49,0.35,-99.9,
478,AURORA,10. Feb,20041103,2004,11,3,-64.938,110.772,Australian,0.93,0.35,-99.9,
479,AURORA,10. Mrz,20041103,2004,11,3,-64.938,110.772,Australian,0.4,0.35,-99.9,
480,ANTARKTIS XXII/2 (IPSOL 2004),IPSOL Transect 2004,20041114,2004,11,14,-59.21,-17.99,Atlantic,1.28,0.42,-0.04,
481,ANTARKTIS XXII/2 (IPSOL 2004),IPSOL Transect 2004,20041114,2004,11,14,-59.21,-17.99,Atlantic,1.32,0.42,-0.04,
482,ANTARKTIS XXII/2 (IPSOL 2004),IPSOL Transect 2004,20041114,2004,11,14,-59.21,-17.99,Atlantic,1.42,0.42,-0.04,
483,ANTARKTIS XXII/2 (IPSOL 2004),IPSOL Transect 2004,20041115,2004,11,15,-60.93,-22.59,Atlantic,0.8,0.2,0,
484,ANTARKTIS XXII/2 (IPSOL 2004),IPSOL Transect 2004,20041116,2004,11,16,-61.47,-24.38,Atlantic,0.755,0.25,0,
485,ANTARKTIS XXII/2 (IPSOL 2004),IPSOL Transect 2004,20041116,2004,11,16,-61.47,-24.38,Atlantic,0.595,0.25,0,
486,ANTARKTIS XXII/2 (IPSOL 2004),IPSOL Transect 2004,20041116,2004,11,16,-61.47,-24.38,Atlantic,0.99,0.25,0,
487,ANTARKTIS XXII/2 (IPSOL 2004),IPSOL Transect 2004_Fripiat,20041117,2004,11,17,-62.8,-27.9,Atlantic,1.05,-99.9,-99.9,
488,ANTARKTIS XXII/2 (IPSOL 2004),IPSOL Transect 2004,20041118,2004,11,18,-64.03,-32.05,Atlantic,0.42,0.4,-0.06,
489,ANTARKTIS XXII/2 (IPSOL 2004),IPSOL Transect 2004,20041118,2004,11,18,-64.03,-32.05,Atlantic,0.39,0.4,-0.06,
490,ANTARKTIS XXII/2 (IPSOL 2004),IPSOL Transect 2004,20041118,2004,11,18,-64.03,-32.05,Atlantic,0.41,0.4,-0.06,
491,ANTARKTIS XXII/2 (IPSOL 2004),IPSOL Transect 2004_Fripiat,20041119,2004,11,19,-65.1,-35,Atlantic,0.83,-99.9,-99.9,
492,ANTARKTIS XXII/2 (IPSOL 2004),IPSOL Transect 2004,20041120,2004,11,20,-66.05,-38.17,Atlantic,2.29,0.19,0,
493,ANTARKTIS XXII/2 (IPSOL 2004),IPSOL Transect 2004,20041120,2004,11,20,-66.05,-38.17,Atlantic,2.4,0.19,0,
494,ANTARKTIS XXII/2 (IPSOL 2004),IPSOL Transect 2004_Fripiat,20041121,2004,11,21,-67.5,-43.6,Atlantic,1.21,-99.9,-99.9,
495,ANTARKTIS XXII/2 (IPSOL 2004),IPSOL Transect 2004,20041122,2004,11,22,-68.34,-48.52,Atlantic,2.5,0.28,0.05,
496,ANTARKTIS XXII/2 (IPSOL 2004),IPSOL Transect 2004,20041122,2004,11,22,-68.34,-48.52,Atlantic,2.175,0.28,0.05,
497,ANTARKTIS XXII/2 (IPSOL 2004),IPSOL Transect 2004,20041122,2004,11,22,-68.34,-48.52,Atlantic,2.255,0.28,0.05,
498,ANTARKTIS XXII/2 (IPSOL 2004),IPSOL Transect 2004_Fripiat,20041124,2004,11,24,-68.6,-51.7,Atlantic,2.14,-99.9,-99.9,
499,ANTARKTIS XXII/2 (IPSOL 2004),IPSOL Site 6,20041129,2004,11,29,-68,-55,Atlantic,0.81,0.32,-99.9,
500,ISPOL,St1,20041129,2004,11,29,-68.029,-54.523,Atlantic,0.9,0.095,0.04,
501,ANTARKTIS XXII/2 (IPSOL 2004),IPSOL Site 9,20041201,2004,12,1,-68,-55,Atlantic,1.8,0.14,-99.9,
502,ANTARKTIS XXII/2 (IPSOL 2004),IPSOL Site 6,20041204,2004,12,4,-68,-55,Atlantic,1,0.24,-99.9,
503,ISPOL,2,20041204,2004,12,4,-68.069,-55.146,Atlantic,0.9,0.13,0.05,
504,ANTARKTIS XXII/2 (IPSOL 2004),IPSOL Site 6,20041209,2004,12,9,-68,-55,Atlantic,0.93,0.24,-99.9,
505,ISPOL,3,20041209,2004,12,9,-68,-55,Atlantic,0.9,0.25,0.03,
506,ANTARKTIS XXII/2 (IPSOL 2004),IPSOL Site 9,20041211,2004,12,11,-68,-55,Atlantic,1.64,0.14,-99.9,
507,ANTARKTIS XXII/2 (IPSOL 2004),IPSOL Site 6,20041214,2004,12,14,-68,-55,Atlantic,0.8,0.21,-99.9,
508,ISPOL,4,20041214,2004,12,14,-67.2962,-55.2342,Atlantic,0.86,0.15,0.01,
509,ANTARKTIS XXII/2 (IPSOL 2004),IPSOL Site 9,20041218,2004,12,18,-68,-55,Atlantic,1.63,0.13,-99.9,
510,ANTARKTIS XXII/2 (IPSOL 2004),IPSOL Site 6,20041219,2004,12,19,-68,-55,Atlantic,0.83,0.25,-99.9,
511,ISPOL,5,20041219,2004,12,19,-67.4643,-55.1462,Atlantic,0.89,0.11,0.02,
512,ANTARKTIS XXII/2 (IPSOL 2004),IPSOL Site 5,20041222,2004,12,22,-68,-55,Atlantic,1.81,0.85,-99.9,
513,ANTARKTIS XXII/2 (IPSOL 2004),IPSOL Site 6,20041225,2004,12,25,-68,-55,Atlantic,0.73,0.15,-99.9,
514,ANTARKTIS XXII/2 (IPSOL 2004),IPSOL Site 9,20041225,2004,12,25,-68,-55,Atlantic,1.67,0.13,-99.9,
515,ISPOL,6,20041225,2004,12,25,-68,-55,Atlantic,0.9,0.0875,0.02,
516,ANTARKTIS XXII/2 (IPSOL 2004),IPSOL Site 6,20041230,2004,12,30,-68,-55,Atlantic,0.72,0.14,-99.9,
517,ISPOL,7,20041230,2004,12,30,-67.4811,-55.3453,Atlantic,0.86,0.06,0.01,
518,ANTARKTIS XXII/2 (IPSOL 2004),IPSOL Site 5,20041231,2004,12,31,-68,-55,Atlantic,2.26,0.84,-99.9,
519,ANTARKTIS XXIII/7 (WWOS 2006),060909BGC,20060909,2006,9,9,-60.597,-41.583,Atlantic,1.2,0.37,0.06,
520,ANTARKTIS XXIII/7 (WWOS 2006),060909HA,20060909,2006,9,9,-60.596,-41.584,Atlantic,1.16,0.32,-99.9,
521,ANTARKTIS XXIII/7 (WWOS 2006),060909HB,20060909,2006,9,9,-60.596,-41.584,Atlantic,1,0.52,-99.9,
522,ANTARKTIS XXIII/7 (WWOS 2006),060919BGC,20060919,2006,9,19,-60.305,-50.769,Atlantic,1.9,0.36,0.26,
523,ANTARKTIS XXIII/7 (WWOS 2006),060919HA,20060919,2006,9,19,-60.314,-50.79,Atlantic,1.48,0.27,-99.9,
524,ANTARKTIS XXIII/7 (WWOS 2006),060919HB,20060919,2006,9,19,-60.314,-50.79,Atlantic,1.32,0.3,-99.9,
525,ANTARKTIS XXIII/7 (WWOS 2006),060920HA,20060920,2006,9,20,-60.324,-49.494,Atlantic,0.81,0.046,-99.9,
526,ANTARKTIS XXIII/7 (WWOS 2006),060921BGC,20060921,2006,9,21,-60.292,-48.002,Atlantic,1.4,0.35,0.07,
527,ANTARKTIS XXIII/7 (WWOS 2006),060921HA,20060921,2006,9,21,-60.292,-48.002,Atlantic,1.36,0.27,-99.9,
528,ANTARKTIS XXIII/7 (WWOS 2006),060921HB,20060921,2006,9,21,-60.292,-48.002,Atlantic,1.45,0.28,-99.9,
529,ANTARKTIS XXIII/7 (WWOS 2006),060924BGC,20060924,2006,9,24,-60.737,-48.331,Atlantic,0.88,0.44,0.01,
530,ANTARKTIS XXIII/7 (WWOS 2006),060924HA,20060924,2006,9,24,-60.737,-48.331,Atlantic,1.24,0.41,-99.9,
531,ANTARKTIS XXIII/7 (WWOS 2006),060926BGC,20060926,2006,9,26,-61.186,-48.892,Atlantic,1.01,0.54,0.02,
532,ANTARKTIS XXIII/7 (WWOS 2006),060926HA,20060926,2006,9,26,-61.187,-48.879,Atlantic,1.16,0.24,-99.9,
533,ANTARKTIS XXIII/7 (WWOS 2006),060928HA,20060928,2006,9,28,-61.709,-49.062,Atlantic,0.87,0.09,-99.9,
534,ANTARKTIS XXIII/7 (WWOS 2006),060930BGC,20060930,2006,9,30,-62.17,-50.572,Atlantic,1.4,0.36,0.04,
535,ANTARKTIS XXIII/7 (WWOS 2006),060930HA,20060930,2006,9,30,-62.17,-50.572,Atlantic,1.26,0.32,-99.9,
536,ANTARKTIS XXIII/7 (WWOS 2006),061001HA,20061001,2006,10,1,-62.835,-52.444,Atlantic,0.62,0.02,-99.9,
537,ANTARKTIS XXIII/7 (WWOS 2006),061002BGC,20061002,2006,10,2,-63.65,-53.826,Atlantic,1.27,0.16,0.1,
538,ANTARKTIS XXIII/7 (WWOS 2006),061002HA,20061002,2006,10,2,-63.649,-53.825,Atlantic,1.24,0.035,-99.9,
539,ANTARKTIS XXIII/7 (WWOS 2006),061003HA,20061003,2006,10,3,-64.275,-54.578,Atlantic,1.29,0.07,-99.9,
540,ANTARKTIS XXIII/7 (WWOS 2006),061005BGC,20061005,2006,10,5,-64.725,-57.331,Atlantic,1.55,0.12,0.12,
541,ANTARKTIS XXIII/7 (WWOS 2006),061008BGC,20061008,2006,10,8,-65.106,-57.391,Atlantic,1.15,0.12,0.12,
542,ANTARKTIS XXIII/7 (WWOS 2006),061008HA,20061008,2006,10,8,-65.102,-57.393,Atlantic,1.08,0.02,-99.9,
543,ANTARKTIS XXIII/7 (WWOS 2006),061008HB,20061008,2006,10,8,-65.102,-57.393,Atlantic,1.08,0.02,-99.9,
544,ANTARKTIS XXIII/7 (WWOS 2006),061009BGC,20061009,2006,10,9,-65.052,-57.343,Atlantic,1.21,0.05,0.1,
545,ANTARKTIS XXIII/7 (WWOS 2006),061009HA,20061009,2006,10,9,-65.057,-57.363,Atlantic,1.34,0.02,-99.9,
546,ANTARKTIS XXIII/7 (WWOS 2006),061010HA,20061010,2006,10,10,-65.052,-57.343,Atlantic,1.42,0.03,-99.9,
547,ANTARKTIS XXIII/7 (WWOS 2006),061011BGC,20061011,2006,10,11,-64.189,-54.399,Atlantic,0.99,0.1,0.06,
548,ANTARKTIS XXIII/7 (WWOS 2006),061011HA,20061011,2006,10,11,-64.189,-54.399,Atlantic,0.99,0.03,-99.9,
549,ANTARKTIS XXIII/7 (WWOS 2006),061013BGC,20061013,2006,10,13,-63.832,-54.13,Atlantic,1.37,0.13,0.12,
550,ANTARKTIS XXIII/7 (WWOS 2006),061013HA,20061013,2006,10,13,-63.832,-54.13,Atlantic,1.32,0.02,-99.9,
551,NBP0608,StB,20061110,2006,11,10,-69.77163333,-176.5846667,Ross,0.7,-99.9,-99.9,
552,NBP0608,StC,20061111,2006,11,11,-70.32096667,-177.10735,Ross,0.56,-99.9,-99.9,
553,NBP0608,StD,20061112,2006,11,12,-72.615,-178.4796667,Ross,0.56,-99.9,-99.9,
554,NBP0608,StF,20061113,2006,11,13,-74.28995,179.2616667,Ross,0.56,0.25,-99.9,
555,NBP0608,StG_Fripiat,20061123,2006,11,23,-76.9,168.3,Ross,0.52,-99.9,-99.9,
556,NBP0608,StG,20061123,2006,11,23,-76.93161667,168.2858667,Ross,0.56,0.25,-99.9,
557,NBP0608,StH,20061201,2006,12,1,-77.33375,167.9623,Ross,0.7,0.17,-99.9,
558,SIPEX,1,20070911,2007,9,11,-64.22955,127.9522,Australian,0.55,0.048,0.045,
559,SIPEX,Optics-1A,20070911,2007,9,11,-64.2333,128,Australian,0.88,-99.9,-99.9,
560,SIPEX,Optics-1B,20070911,2007,9,11,-64.2333,128,Australian,0.55,-99.9,-99.9,
561,SIPEX,1_Fripiat,20070911,2007,9,11,-64.4,128,Australian,1.03,0.24,-99.9,
562,SIPEX,1,20070911,2007,9,11,-64.43139,127.98667,Australian,1.05,0.235,-99.9,
563,SIPEX,2_Fripiat,20070912,2007,9,12,-64.5,128.1,Australian,0.88,0.04,0.04,
564,SIPEX,2,20070912,2007,9,12,-64.4869,128.1027333,Australian,0.96,0.042,0.04,
565,SIPEX,Optics-2A,20070912,2007,9,12,-64.4833,128.1,Australian,0.58,-99.9,-99.9,
566,SIPEX,Optics-2B,20070912,2007,9,12,-64.4833,128.1,Australian,0.67,-99.9,-99.9,
567,SIPEX,Optics-2C,20070912,2007,9,12,-64.4833,128.1,Australian,1.06,-99.9,-99.9,
568,SIPEX,3_Fripiat,20070914,2007,9,14,-64.4,127.1,Australian,0.46,0.02,-0.04,
569,SIPEX,3,20070914,2007,9,14,-64.4,127.1333333,Australian,0.52,0.023,-0.035,
570,SIPEX,Optics-3A,20070914,2007,9,14,-64.3833,127.1833,Australian,0.46,-99.9,-99.9,
571,SIPEX,Optics-3B,20070914,2007,9,14,-64.3833,127.1833,Australian,0.52,-99.9,-99.9,
572,SIPEX,Optics-3C,20070914,2007,9,14,-64.3833,127.1833,Australian,0.79,-99.9,-99.9,
573,SIPEX,3,20070914,2007,9,14,-64.4,127.1333,Australian,0.6,0.2,-99.9,
574,SIPEX,5,20070918,2007,9,18,-65.5244,124.752,Australian,0.9,0.013,0.02,
575,SIPEX,5,20070918,2007,9,18,-65.6458,124.7839,Australian,0.98,0.2,-99.9,
576,SIPEX,6,20070920,2007,9,20,-65.5884,122.58405,Australian,0.83,0.01,0.065,
577,SIPEX,Optics-6A,20070920,2007,9,20,-65.5833,122.5833,Australian,0.37,-99.9,-99.9,
578,SIPEX,Optics-6B,20070920,2007,9,20,-65.5833,122.5833,Australian,0.58,-99.9,-99.9,
579,SIPEX,Optics-6C,20070920,2007,9,20,-65.5833,122.5833,Australian,0.37,-99.9,-99.9,
580,SIPEX,6,20070920,2007,9,20,-65.66778,122.59528,Australian,0.51,0.02,-99.9,
581,SIPEX,6_Fripiat,20070921,2007,9,21,-65.6,122.6,Australian,0.76,0.01,0.07,
582,SIPEX,7_Fripiat,20070922,2007,9,22,-65.6,121.5,Australian,0.49,0.03,0.04,
583,SIPEX,7,20070922,2007,9,22,-65.5582,121.5273333,Australian,0.55,0.027,0.035,
584,SIPEX,Optics-7A,20070922,2007,9,22,-65.5667,121.5,Australian,0.55,-99.9,-99.9,
585,SIPEX,8,20070925,2007,9,25,-65.55468333,118.8746667,Australian,0.39,0.01,0.01,
586,SIPEX,Optics-8A,20070925,2007,9,25,-65.55,118.8667,Australian,0.37,-99.9,-99.9,
587,SIPEX,Optics-8B,20070925,2007,9,25,-65.55,118.8667,Australian,0.37,-99.9,-99.9,
588,SIPEX,Optics-8C,20070925,2007,9,25,-65.55,118.8667,Australian,0.4,-99.9,-99.9,
589,SIPEX,8_Fripiat,20070925,2007,9,25,-65.6,118.9,Australian,0.35,0.01,0.01,
590,SIPEX,8,20070925,2007,9,25,-65.62806,119,Australian,0.345,0.03,-99.9,
591,SIPEX,9,20070928,2007,9,28,-65.34353333,118.5634833,Australian,0.97,0.051,0.02,
592,SIPEX,Optics-9A,20070928,2007,9,28,-65.35,118.5667,Australian,1.09,-99.9,-99.9,
593,SIPEX,Optics-10A,20070929,2007,9,29,-64.95,119.1333,Australian,0.37,-99.9,-99.9,
594,SIPEX,Optics-10B,20070929,2007,9,29,-64.95,119.1333,Australian,0.55,-99.9,-99.9,
595,SIPEX,Optics-10C,20070929,2007,9,29,-64.95,119.1333,Australian,0.88,-99.9,-99.9,
596,SIPEX,Optics-10D,20070929,2007,9,29,-64.95,119.1333,Australian,0.34,-99.9,-99.9,
597,SIPEX,Optics-10E,20070929,2007,9,29,-64.95,119.1333,Australian,0.34,-99.9,-99.9,
598,SIPEX,10_Fripiat,20070930,2007,9,30,-64.9,119.1,Australian,1.28,0,-0.04,
599,SIPEX,10,20070930,2007,9,30,-64.94255,119.13275,Australian,1.32,0,-0.035,
600,SIPEX,10_Lannuzel_Fripiat,20070930,2007,9,30,-65.1,119.4,Australian,0.33,0.15,-99.9,
601,SIPEX,10_Lannuzel,20070930,2007,9,30,-65.08694,119.38472,Australian,0.345,0.15,-99.9,
602,SIMBA,BXL1,20071001,2007,10,1,-70.4,-94.1,Bellingshausen/Amundsen,0.62,0.1,0.03,
603,SIPEX,Optics-11A,20071002,2007,10,2,-65.0167,117.5333,Australian,1,-99.9,-99.9,
604,SIPEX,Optics-11B,20071002,2007,10,2,-65.0167,117.5333,Australian,1.06,-99.9,-99.9,
605,SIMBA,LG1_Fripiat,20071003,2007,10,3,-70.26,-94.56,Bellingshausen/Amundsen,1.07,0.28,0.03,
606,SIMBA,LG1,20071003,2007,10,3,-70.26,-94.56,Bellingshausen/Amundsen,1.12,0.28,0.025,
607,SIPEX,11_Fripiat,20071003,2007,10,3,-65,117.7,Australian,1.04,0.09,0.02,
608,SIPEX,11,20071003,2007,10,3,-65.02365,117.6995,Australian,1.08,0.089,0.02,
609,SIPEX,11_Lannuzel_Fripiat,20071003,2007,10,3,-65.1,118,Australian,0.38,0.2,-99.9,
610,SIPEX,11_Lannuzel,20071003,2007,10,3,-65.13306,117.95278,Australian,0.43,0.2,-99.9,
611,SIPEX,12_Fripiat,20071005,2007,10,5,-64.9,117,Australian,2.04,0.09,0.08,
612,SIPEX,12,20071005,2007,10,5,-64.9,117,Australian,1.99,0.091,0.075,
613,SIMBA,BXL2,20071006,2007,10,6,-70.19,-93.73,Bellingshausen/Amundsen,0.635,0.11,0.01,
614,SIPEX,13_Fripiat,20071006,2007,10,6,-64.7,116.8,Australian,0.79,0.05,0.07,
615,SIPEX,13,20071006,2007,10,6,-64.7148,116.8017667,Australian,0.82,0.046,0.065,
616,SIPEX,Optics-13A,20071006,2007,10,6,-64.7333,116.8167,Australian,0.87,-99.9,-99.9,
617,SIPEX,Optics-13B,20071006,2007,10,6,-64.7333,116.8167,Australian,0.43,-99.9,-99.9,
618,SIPEX,Optics-13C,20071006,2007,10,6,-64.7333,116.8167,Australian,1.15,-99.9,-99.9,
619,SIPEX,13,20071006,2007,10,6,-64.94667,116.82944,Australian,1,0.125,-99.9,
620,SIPEX,14,20071007,2007,10,7,-64.3,116.83333,Australian,0.96,0.105,-99.9,
621,SIPEX,14a_Fripiat,20071007,2007,10,7,-64.3,116.8,Australian,0.54,0.07,0.03,
622,SIPEX,14b_Fripiat,20071007,2007,10,7,-64.3,116.8,Australian,1.03,0.07,0.03,
623,SIPEX,14c_Fripiat,20071007,2007,10,7,-64.3,116.8,Australian,0.98,0.07,0.03,
624,SIPEX,14a,20071007,2007,10,7,-64.3,116.8333,Australian,0.58,0.068,0.03,
625,SIPEX,Optics-14a,20071007,2007,10,7,-64.3167,116.8167,Australian,1.3,-99.9,-99.9,
626,SIMBA,LG2,20071008,2007,10,8,-69.97,-93.02,Bellingshausen/Amundsen,1.1,0.35,0.01,
627,SIPEX,15a,20071010,2007,10,10,-64.66666667,120.6,Australian,0.48,0.054,0.025,
628,SIPEX,15a_Fripiat,20071010,2007,10,10,-64.7,120.6,Australian,0.99,0.05,0.03,
629,SIPEX,15b_Fripiat,20071010,2007,10,10,-64.7,120.6,Australian,0.42,0.05,0.03,
630,SIMBA,BXL3,20071011,2007,10,11,-69.77,-92.13,Bellingshausen/Amundsen,0.625,0.25,0.01,
631,SIMBA,LG3,20071013,2007,10,13,-69.69,-92.04,Bellingshausen/Amundsen,0.95,0.34,-99.9,
632,SIMBA,LG3_Fripiat,20071013,2007,10,13,-69.69,-92.04,Bellingshausen/Amundsen,0.95,0.37,0,
633,SIMBA,BXL4,20071016,2007,10,16,-69.55,-92.37,Bellingshausen/Amundsen,0.68,0.08,0.02,
634,SIMBA,LG4,20071018,2007,10,18,-69.67,-92.64,Bellingshausen/Amundsen,1.015,0.37,-0.01,
635,SIMBA,BXL5,20071021,2007,10,21,-70.06,-93.66,Bellingshausen/Amundsen,0.7,0.15,0.02,
636,SIMBA,LG5,20071023,2007,10,23,-70.05,-94.14,Bellingshausen/Amundsen,1.01,0.38,0,
637,OSO08-09,1_Fripiat,20081212,2008,12,12,-70.7,-107,Bellingshausen/Amundsen,0.8,0.32,-99.9,
638,OSO08-09,1,20081212,2008,12,12,-70.651,-107.0061667,Bellingshausen/Amundsen,1,0.32,-99.9,
639,OSO08-09,2_core_a,20081213,2008,12,13,-71.12583333,-109.0821667,Bellingshausen/Amundsen,1.6,0.55,-99.9,
640,OSO08-09,2_core_b,20081213,2008,12,13,-71.12583333,-109.0821667,Bellingshausen/Amundsen,1.48,0.55,-99.9,
641,OSO08-09,6,20081214,2008,12,14,-71.10783333,-110.5026667,Bellingshausen/Amundsen,1.1,0.47,-99.9,
642,OSO08-09,OSO_08_3,20081214,2008,12,14,-71.11,-110.5,Bellingshausen/Amundsen,0.7,0.33,-99.9,
643,OSO08-09,13,20081216,2008,12,16,-71.7095,-112.1133333,Bellingshausen/Amundsen,1.7,0.38,0.17,
644,OSO08-09,OSO_08_4_a,20081216,2008,12,16,-71.71,-112.11,Bellingshausen/Amundsen,1.73,0.34,-99.9,
645,OSO08-09,OSO_08_4_b,20081216,2008,12,16,-71.71,-112.11,Bellingshausen/Amundsen,1.78,0.34,-99.9,
646,OSO08-09,16_Fripiat,20081217,2008,12,17,-71.8,-114.1,Bellingshausen/Amundsen,1.7,0.28,-99.9,
647,OSO08-09,16,20081217,2008,12,17,-71.83916667,-114.1143333,Bellingshausen/Amundsen,2.4,0.28,-99.9,
648,OSO08-09,18,20081218,2008,12,18,-72.91516667,-115.0506667,Bellingshausen/Amundsen,1.1,0.55,-99.9,
649,OSO08-09,OSO_08_6,20081218,2008,12,18,-72.92,115.05,Bellingshausen/Amundsen,2.8,0.8,-99.9,
650,OSO08-09,21_Fripiat,20081220,2008,12,20,-72.6,-116,Bellingshausen/Amundsen,1.1,0.05,-99.9,
651,OSO08-09,21,20081220,2008,12,20,-72.59966667,-116.0246667,Bellingshausen/Amundsen,1.13,0.05,-99.9,
652,OSO08-09,OSO_08_7,20081220,2008,12,20,-72.6,-116.02,Bellingshausen/Amundsen,1.01,0.08,-99.9,
653,OSO08-09,27_Fripiat,20081221,2008,12,21,-72.6,-116,Bellingshausen/Amundsen,1.9,0.47,-99.9,
654,OSO08-09,27,20081221,2008,12,21,-72.42316667,-115.957,Bellingshausen/Amundsen,2.9,0.47,-99.9,
655,OSO08-09,OSO_08_8,20081221,2008,12,21,-72.42,-115.96,Bellingshausen/Amundsen,1.6,0.47,-99.9,
656,OSO08-09,33_Fripiat,20081222,2008,12,22,-71.9,-118.4,Bellingshausen/Amundsen,1.13,0.6,-99.9,
657,OSO08-09,33,20081222,2008,12,22,-71.92283333,-118.3846667,Bellingshausen/Amundsen,1.25,0.6,-99.9,
658,OSO08-09,OSO_08_9,20081222,2008,12,22,-71.92,-118.38,Bellingshausen/Amundsen,0.89,0.59,-99.9,
659,OSO08-09,35_Fripiat,20081223,2008,12,23,-70.2,-120,Bellingshausen/Amundsen,0.4,0.18,-99.9,
660,OSO08-09,35,20081223,2008,12,23,-70.15233333,-119.9483333,Bellingshausen/Amundsen,0.55,0.18,-99.9,Remove a freeboard value of 0.34
661,OSO08-09,OSO_08_10,20081223,2008,12,23,-70.15,-119.95,Bellingshausen/Amundsen,0.59,0.18,-99.9,
662,OSO08-09,36_Fripiat,20081226,2008,12,26,-69.4,-125.4,Bellingshausen/Amundsen,0.7,0.36,-99.9,
663,OSO08-09,36,20081226,2008,12,26,-69.414,-125.3823333,Bellingshausen/Amundsen,0.97,0.36,-99.9,
664,OSO08-09,OSO_08_11,20081226,2008,12,26,-69.41,-125.38,Bellingshausen/Amundsen,1.05,0.3,-99.9,
665,OSO08-09,37_Fripiat,20081227,2008,12,27,-70.2,-133.5,Ross,1.1,0.71,-99.9,
666,OSO08-09,37,20081227,2008,12,27,-70.21866667,-133.5378333,Ross,1.5,0.71,-99.9,
667,OSO08-09,38,20081228,2008,12,28,-71.07466667,-138.0415,Ross,0.6,0.15,0.03,
668,OSO08-09,OSO_08_13,20081228,2008,12,28,-71.07,-138.04,Ross,0.7,0.14,-99.9,
669,OSO08-09,39_Fripiat,20081229,2008,12,29,-72.5,-144.7,Ross,1.2,0.17,-99.9,
670,OSO08-09,39,20081229,2008,12,29,-72.51033333,-144.7296667,Ross,1.79,0.74,-99.9,
671,OSO08-09,OSO_08_14,20081229,2008,12,29,-72.51,-144.73,Ross,1.5,0.74,-99.9,
672,OSO08-09,40_Fripiat,20081231,2008,12,31,-74.4,-150.6,Ross,1.3,0.7,-99.9,
673,OSO08-09,40,20081231,2008,12,31,-74.4375,-150.643,Ross,1.83,0.7,-99.9,
674,OSO08-09,OSO_08_15,20081231,2008,12,31,-74.44,-150.65,Ross,1.7,0.52,-99.9,
675,OSO08-09,41_Fripiat,20090101,2009,1,1,-75.4,-151.2,Ross,1.05,0.03,-99.9,
676,OSO08-09,41,20090101,2009,1,1,-75.40133333,-151.2311667,Ross,1.25,0.03,-99.9,
677,OSO10-11,1,20101216,2010,12,16,-68.58816667,-102.1416667,Bellingshausen/Amundsen,0.63,0.28,-99.9,
678,OSO10-11,2,20101217,2010,12,17,-69.46116667,-103.0721667,Bellingshausen/Amundsen,1,0.33,-99.9,
679,OSO10-11,3,20101218,2010,12,18,-70.02483333,-106.9436667,Bellingshausen/Amundsen,1.45,0,-99.9,
680,OSO10-11,4,20101219,2010,12,19,-71.0641833,-112.9826833,Bellingshausen/Amundsen,1.9,0.683,-99.9,
681,OSO10-11,5,20101220,2010,12,20,-72.4478,-115.357383,Bellingshausen/Amundsen,1.05,0.365,-99.9,
682,OSO10-11,5,20101220,2010,12,20,-72.4478,-115.357383,Bellingshausen/Amundsen,1.05,0.365,-99.9,
683,OSO10-11,10,20101221,2010,12,21,-72.7725,-114.1713333,Bellingshausen/Amundsen,1.22,0.35,-99.9,
684,OSO10-11,20,20101224,2010,12,24,-72.12133333,-115.6116667,Bellingshausen/Amundsen,1.2,0.48,-99.9,
685,OSO10-11,25,20101226,2010,12,26,-72.9575,-116.9638333,Bellingshausen/Amundsen,1.81,0.52,-99.9,
686,OSO10-11,27,20101227,2010,12,27,-72.185,-118.9583333,Bellingshausen/Amundsen,2.08,0.82,-99.9,
687,OSO10-11,30,20101229,2010,12,29,-72.04166667,-123.1731667,Bellingshausen/Amundsen,0.65,0.31,-99.9,
688,OSO10-11,31,20101230,2010,12,30,-72.1625,-127.0806667,Bellingshausen/Amundsen,1.56,0.4,-99.9,
689,OSO10-11,"31,1",20110102,2011,1,2,-72.2212,-133.2,Ross,0.79,0.12,-99.9,
690,OSO10-11,32,20110103,2011,1,3,-72.80466667,-135.5783333,Ross,1.23,0.15,-99.9,
691,OSO10-11,33,20110104,2011,1,4,-73.42666667,-139.305,Ross,1.65,0.055,-99.9,
692,OSO10-11,41,20110106,2011,1,6,-75.544,-149.2995,Ross,1.38,0.154,-99.9,
693,OSO10-11,43,20110110,2011,1,10,-77.58983333,165.7075,Ross,1.54,0.01,-99.9,
694,SIPEX2,1_Lannuzel_Fripiat,20120926,2012,9,26,-64.4,120.3,Australian,0.64,0.05,-99.9,
695,SIPEX2,2_Fripiat,20120926,2012,9,26,-64.4,120.3,Australian,0.86,0.06,-0.09,
696,SIPEX2,St2,20120926,2012,9,26,-64.44,120.25,Australian,1.2,0.05,-99.9,
697,SIPEX2,2_Nomura_Fripiat,20120927,2012,9,27,-64.4432,120.11,Australian,1,0.24,-99.9,
698,SIPEX2,2_Lannuzel_Fripiat,20121003,2012,10,3,-64.95,121.028,Australian,0.72,0.25,-99.9,
699,SIPEX2,3_Fripiat,20121003,2012,10,3,-65,121,Australian,1.98,0.66,-99.9,
700,SIPEX2,3_Nomura_Fripiat,20121003,2012,10,3,-64.9445,121.03,Australian,1.5,0.6,-99.9,
701,SIPEX2,St3,20121003,2012,10,3,-64.95,121.028,Australian,1.2,0.25,-99.9,
702,SIPEX2,3_Lannuzel_Fripiat,20121006,2012,10,6,-65.1,121.7,Australian,0.92,0.3,-99.9,
703,SIPEX2,St4,20121006,2012,10,6,-65.078,121.672,Australian,0.9,0.3,-99.9,
704,SIPEX2,4_Fripiat,20121008,2012,10,8,-65.1,121.7,Australian,0.94,0.63,0.04,
705,SIPEX2,4_Nomura_Fripiat,20121008,2012,10,8,-65.1293,120.758,Australian,0.82,0.53,0.04,
706,SIPEX2,4_Lannuzel_Fripiat,20121012,2012,10,12,-65.3,119.9,Australian,1.43,0.74,-99.9,
707,SIPEX2,St6,20121012,2012,10,12,-65.29,119.92,Australian,1.36,0.74,-99.9,
708,SIPEX2,6_Nomura_Fripiat,20121013,2012,10,13,-65.255,120.017,Australian,1.95,0.66,-99.9,
709,SIPEX2,6_Fripiat,20121014,2012,10,14,-65.3,119.9,Australian,1.3,0.14,0.05,
710,SIPEX2,5_Lannuzel_Fripiat,20121019,2012,10,19,-65.3,119,Australian,0.8,0.35,-99.9,
711,SIPEX2,St7,20121019,2012,10,19,-65.26,119,Australian,0.82,0.35,-99.9,
712,SIPEX2,7a_Nomura_Fripiat,20121020,2012,10,20,-65.2685,118.948,Australian,1.05,0.66,-99.9,
713,SIPEX2,7_Fripiat,20121021,2012,10,21,-65.3,119,Australian,0.86,0.36,-0.06,
714,SIPEX2,7b_Nomura_Fripiat,20121023,2012,10,23,-65.152,118.367,Australian,1,0.14,-99.9,
715,SIPEX2,St8,20121028,2012,10,28,-64.87,116.83,Australian,0.95,0.45,-99.9,
716,SIPEX2,6_Lannuzel_Fripiat,20121028,2012,10,28,-64.9,116.8,Australian,0.42,0.45,-99.9,
717,SIPEX2,8_Nomura_Fripiat,20121028,2012,10,28,-64.8653,116.808,Australian,1.05,0.28,-99.9,
718,AWECS,AW486,20130617,2013,6,17,-61.526,-0.086,Atlantic,0.06,0,-99.9,
719,AWECS,AW486_Fripiat,20130617,2013,6,17,-61.5,-0.1,Atlantic,0.37,-99.9,-99.9,
720,AWECS,AW488,20130618,2013,6,18,-62.928,-0.006,#NV,0.37,0.02,-99.9,
721,AWECS,AW489,20130619,2013,6,19,-63.901,-0.031,#NV,0.36,0.06,-99.9,
722,AWECS,AW489,20130619,2013,6,19,-63.9,0,#NV,0.36,0.07,-99.9,
723,AWECS,AW493,20130621,2013,6,21,-66.44,0.122,Atlantic,0.52,0.22,-0.005,
724,AWECS,AW496,20130624,2013,6,24,-67.466,-0.021,#NV,0.61,0.22,0.01,
725,AWECS,AW496_Fripiat,20130624,2013,6,24,-67.5,0,#NV,0.61,0.23,0.005,
726,AWECS,AW500,20130703,2013,7,3,-67.949,-6.658,Atlantic,0.85,0.34,-0.14,
727,AWECS,AW500_Fripiat,20130703,2013,7,3,-67.9,-6.7,Atlantic,0.85,0.2,-0.14,
728,AWECS,AW503,20130708,2013,7,8,-67.187,-13.224,Atlantic,0.6,0.17,0.005,
729,AWECS,AW503_Fripiat,20130708,2013,7,8,-67.2,-13.2,Atlantic,0.6,0.17,0.03,
730,AWECS,AW506,20130711,2013,7,11,-67.19,-23.042,Atlantic,0.49,0.15,-0.002,
731,AWECS,AW506_Fripiat,20130711,2013,7,11,-67.2,-23,Atlantic,0.49,0.15,0.03,
732,AWECS,AW506B,20130714,2013,7,14,-67.172,-23.206,Atlantic,0.59,0.14,-0.005,
733,AWECS,AW506B_Fripiat,20130714,2013,7,14,-67.2,-23.2,Atlantic,0.49,0.14,-0.01,
734,AWECS,AW517,20130730,2013,7,30,-63.509,-51.112,Atlantic,0.72,0.35,0,
735,AAV2 2016-17,3,20161227,2016,12,27,-65.29935,109.2414333,Australian,6.5,0.7,-99.9,
736,AAV2 2016-17,5,20170103,2017,1,3,-65.22593333,120.1820167,Australian,3,0.05,-99.9,
737,AAV2 2016-17,6,20170107,2017,1,7,-65.3875449,139.8043675,Australian,1.51,0.15,-99.9,
738,AAV2 2016-17,7,20170109,2017,1,9,-66.26666667,145.8333333,Australian,0.96,0.2,-99.9,
739,AAV2 2016-17,8,20170110,2017,1,10,-67.13333333,145.4666667,Australian,1.42,0.125,-99.9,
740,AAV2 2016-17,9,20170113,2017,1,13,-67.15678333,147.6624667,Australian,1.8,0.4,-99.9,
741,PIPERS,1,20170420,2017,4,20,-68.8,171.96,Ross,0.01,-99.9,-99.9,
742,PIPERS,1,20170420,2017,4,20,-68.8,171.96,Ross,0.08,-99.9,-99.9,
743,PIPERS,1,20170420,2017,4,20,-68.8,171.96,Ross,0.16,-99.9,-99.9,
744,PIPERS,2,20170421,2017,4,21,-69.22,171.99,Ross,0.38,0.046,0.01,
745,PIPERS,3,20170422,2017,4,22,-69.97,172.05,Ross,0.39,0.025,0.035,
746,PIPERS,4,20170425,2017,4,25,-72.87,171.95,Ross,0.92,0.045,0.125,
747,PIPERS,5,20170428,2017,4,28,-74.05,170.9,Ross,0.7,0.02,0.035,
748,PIPERS,6,20170430,2017,4,30,-74.81,168.01,Ross,0.32,0.0175,0.02,
749,PIPERS,7,20170501,2017,5,1,-74.97,166.95,Ross,0.3,0,0.015,
750,PIPERS,8,20170503,2017,5,3,-74.97,166.81,Ross,0.24,0,0.01,
751,PIPERS,9,20170503,2017,5,3,-74.88,166.62,Ross,0.2,0,0.015,
752,PIPERS,10,20170504,2017,5,4,-74.87,166.4,Ross,0.18,-99.9,-99.9,
753,PIPERS,11,20170504,2017,5,4,-74.79,166.45,Ross,0.01,-99.9,-99.9,
754,PIPERS,11,20170504,2017,5,4,-74.79,166.45,Ross,0.1,-99.9,-99.9,
755,PIPERS,11,20170504,2017,5,4,-74.79,166.45,Ross,0.21,-99.9,0.015,
756,PIPERS,13,20170507,2017,5,7,-75.09,164.93,Ross,0.5,-99.9,-99.9,
757,PIPERS,13,20170507,2017,5,7,-75.09,164.93,Ross,0.1,-99.9,-99.9,
758,PIPERS,13,20170507,2017,5,7,-75.09,164.93,Ross,0.04,-99.9,-99.9,
759,PIPERS,13,20170507,2017,5,7,-75.09,164.93,Ross,0.12,-99.9,-99.9,
760,PIPERS,14,20170510,2017,5,10,-74.84,166.27,Ross,0.01,-99.9,-99.9,
761,PIPERS,14,20170510,2017,5,10,-74.84,166.27,Ross,0.05,-99.9,-99.9,
762,PIPERS,14,20170510,2017,5,10,-74.84,166.27,Ross,0.21,-99.9,-99.9,
763,PIPERS,15,20170511,2017,5,11,-74.97,164.01,Ross,0.01,-99.9,-99.9,
764,PIPERS,15,20170511,2017,5,11,-74.97,164.01,Ross,0.04,-99.9,-99.9,
765,PIPERS,15,20170511,2017,5,11,-74.97,164.01,Ross,0.15,-99.9,-99.9,
766,PIPERS,16,20170512,2017,5,12,-75,165.98,Ross,0.24,0.04,0.025,
767,PIPERS,17,20170514,2017,5,14,-75.42,169.12,Ross,0.4,0.02,0.035,
768,PIPERS,18,20170520,2017,5,20,-74.08,179.48,Ross,0.45,0.04,0.035,
769,PIPERS,19,20170521,2017,5,21,-73.31,178.85,Ross,0.34,0.04,0.025,
770,PIPERS,20,20170524,2017,5,24,-72.32,178.81,Ross,0.45,0.04,0.015,
771,PIPERS,21,20170526,2017,5,26,-71.72,178.72,Ross,0.4,0.06,0.025,
772,PIPERS,22,20170528,2017,5,28,-71.07,176.02,Ross,0.46,0.09,0.04,
773,PIPERS,23,20170530,2017,5,30,-70.5,176.43,Ross,0.6,0.15,0.025,
774,PIPERS,24,20170601,2017,6,1,-70.14,175.62,Ross,0.63,0.08,0.015,
775,PIPERS,25,20170602,2017,6,2,-68.66,176.22,Ross,0.67,0.07,0.04,
776,PIPERS,26,20170603,2017,6,3,-67.58,175.84,Ross,0.03,-99.9,-99.9,
777,PIPERS,26,20170603,2017,6,3,-67.58,175.84,Ross,0.01,-99.9,-99.9,
778,PIPERS,26,20170603,2017,6,3,-67.58,175.84,Ross,0.27,-99.9,-99.9,
779,PIPERS,27,20170604,2017,6,4,-66.93,175.87,Ross,0.01,-99.9,-99.9,
780,DML Ecosystem cruise,Ice station 1,20190326,2019,3,26,-68.9135,6.021666667,Atlantic,0.195,0.045,0.01,
781,PS118,PS118_20190222_1,20190222,2019,2,22,-63.7983,-56.3203,Atlantic,2.19,0.15,-99.9,
782,PS118,PS118_20190223_2,20190223,2019,2,23,-64.3531,-56.3845,Atlantic,1.51,0.23,-99.9,
783,PS118,PS118_20190224_3,20190224,2019,2,24,-64.8925,-57.2419,Atlantic,0.9,0.1,-99.9,
784,PS118,PS118_20190226_4,20190226,2019,2,26,-65.3356,-58.0064,Atlantic,1.07,0.14,-99.9,
785,PS118,PS118_20190301_5,20190301,2019,3,1,-65.212,-57.5799,Atlantic,1.99,0.22,-99.9,
786,PS118,PS118_20190302_6,20190302,2019,3,2,-65.4258,-57.9284,Atlantic,1.91,0.15,-99.9,
787,PS118,PS118_20190304_7,20190304,2019,3,4,-64.9777,-57.6797,Atlantic,0.97,0.15,-99.9,
788,PS118,PS118_20190307_8,20190307,2019,3,7,-64.8969,-57.807,Atlantic,0.77,0,-99.9,
789,PS118,PS118_20190312_9,20190312,2019,3,12,-63.9949,-55.6063,Atlantic,2.31,0.1,-99.9,
790,PS118,PS118_20190313_10,20190313,2019,3,13,-63.9149,-55.6765,Atlantic,0.89,0,-99.9,
791,PS118,PS118_20190313_10,20190313,2019,3,13,-63.9149,-55.6765,Atlantic,0.96,0.12,-99.9,
792,PS118,PS118_20190315_12,20190315,2019,3,15,-63.7953,-55.4618,Atlantic,1.32,0.05,-99.9,
793,PS118,PS118_20190316_13,20190316,2019,3,16,-63.6142,-56.1457,Atlantic,0.8,0,-99.9,
794,PS118,PS118_20190321_14,20190321,2019,3,21,-62.7414,-53.0511,Atlantic,1.8,0.17,-99.9,
